/*--------------------------------*- C++ -*----------------------------------*\
| =========                 |                                                 |
| \\      /  F ield         | OpenFOAM: The Open Source CFD Toolbox           |
|  \\    /   O peration     | Version:  2212                                  |
|   \\  /    A nd           | Website:  www.openfoam.com                      |
|    \\/     M anipulation  |                                                 |
\*---------------------------------------------------------------------------*/
FoamFile
{
    version     2.0;
    format      ascii;
    arch        "LSB;label=32;scalar=64";
    class       pointScalarField;
    location    "0";
    object      motionScale;
}
// * * * * * * * * * * * * * * * * * * * * * * * * * * * * * * * * * * * * * //

dimensions      [0 0 0 0 0 0 0];

internalField   nonuniform List<scalar> 
26316
(
0
0
0
0
0
0
0
0
0
0
0
0
0
0
0
0
0
0
0
0
0
0
0
0
0
0
0
0
0
0
0
0
0
0
0
0
0
0
0
0
0
0
0
0
0
0
0
0
0
0
0
0
0
0
0
0
0
0
0
0
0
0
0
0
0
0
0
0
0
0
0
0
0
0
0
0
0
0
0
0
0
0
0
0
0
0
0
0
0
0
0
0
0
0
0
0
0
0
0
0
0
0
0
0
0
0
0
0
0
0
0
0
0
0
0
0
0
0
0
8.457315501e-05
0
0
0.0009473554881
0.0008053057605
0
0
0
0
0
0
0
0
0
0
0
0
0
0
0
0
0
0
0
0
0
0
0
0
0
0
0
0
0
0
0
0
0
0
0
0
0
0
0
0
0
0
0
0
0
0
0
0
0
0
0
0
0
0
0
0
0
0
0
0
0
0.001367809116
0.008579461239
0.0001121579541
0.02230007065
0.05545982609
0.07511834466
0.03496041018
0.07366641298
0.1297762935
0.1434006336
0.08383409989
0.09805405343
0.1621173313
0.1600320648
0.09645002094
0.07393920917
0.1301648878
0.1137316682
0.06189552962
0.02258464514
0.05594346468
0.03737642894
0.01171018262
0
0.001473042257
0
0
0
0
0
0
0
0
0
0
0
0
0
0
0
0
0
0
0
0
0
0
0
0
0
0
0
0
0
0
0
0
0
0
0
0
0
0
0
0
0
0
0
0
0
0
0.002874174587
0.01674109372
0.003964692826
0.07064775753
0.1130951868
0.1574396206
0.105953522
0.226618162
0.3004694268
0.3456482907
0.2661881579
0.3642678143
0.4550429692
0.479827231
0.3869052001
0.4170946795
0.5126123964
0.5090695396
0.413809554
0.3650196365
0.4559055539
0.4249695415
0.3369582872
0.2277833306
0.3018628031
0.2543752506
0.1868297536
0.07155879232
0.1143097792
0.07461474105
0.0414623444
0
0.002905818377
0
0
0
0
0
0
0
0
0
0
0
0
0
0
0
0
0
0
0
0
0
0
0
0
0
0
0
0
0
0
0
0
0
0
0
0
0
0
0
0.00103918739
0
0.05265279687
0.07815425585
0.1305841856
0.0959463846
0.2745621098
0.3334648434
0.40721085
0.34225922
0.5376296852
0.6136874861
0.6714598102
0.5940134575
0.7211808911
0.797797953
0.8236278274
0.7481131295
0.7825892034
0.8560401296
0.8526734573
0.7789583737
0.7222500249
0.7988624536
0.7651795824
0.6876998371
0.5395518318
0.6153194646
0.5510672749
0.4778519647
0.2746241993
0.3406558444
0.2712336982
0.2155927676
0.06083083251
0.09084086375
0.04828082188
0.02760646982
0
0
0
0
0
0
0
0
0
0
0
0
0
0
0
0
0
0
0
0
0
0
0
0
0
0
0
0
0
0
0
0
0
0
0
0.004563466741
0.01037695553
0.03878103412
0.02607353833
0.1818810698
0.2151757193
0.295913396
0.2565417417
0.5073008584
0.5597519568
0.6440430204
0.5897098075
0.8083331074
0.8550845426
0.9051048022
0.8582022367
0.9587546897
0.9852865313
0.9946722943
0.9742598446
0.9897408058
0.9999691042
0.9998317731
0.9883903363
0.9607841428
0.9866456888
0.9703814874
0.9381488574
0.8100847799
0.8580504103
0.801366264
0.7474009454
0.5217159272
0.5746290757
0.4870210171
0.4370835147
0.1944281853
0.229054765
0.1555978907
0.1275462627
0.007167558522
0.01230856319
0.0002975979556
0
0
0
0
0
0
0
0
0
0
0
0
0
0
0
0
0
0
0
0
0
0
0
0
0
0
0
0
0
0.0003950220861
1.078073277e-05
0
0.03256820296
0.04110286046
0.08972658204
0.07655914639
0.2950943045
0.321109856
0.4160063973
0.3943459475
0.681509422
0.7089124076
0.7934875723
0.7667510228
0.9495517083
0.966656023
0.9917351957
0.9819398879
1
1
1
1
1
1
1
1
1
1
1
1
1
1
1
1
0.9561320533
0.9724231976
0.9334326152
0.9122021049
0.6977300977
0.7229635385
0.6348864858
0.6060892823
0.3194604124
0.3493384885
0.2593852851
0.2336514213
0.04432790441
0.05539817021
0.01890831914
0.01286702387
0
0
0
0
0
0
0
0
0
0
0
0
0
0
0
0
0
0
0
0
0
0
0
0
0
0
0
0
0.003558269984
0.002027829965
0.001658974102
0.0590276758
0.06120822315
0.1192291926
0.1161056881
0.3703982427
0.376116935
0.477408043
0.4709799309
0.7628140715
0.7697894887
0.8497924725
0.8432919851
0.9892985564
0.9917303738
1
0.9999883179
1
1
1
1
1
1
1
1
0.995089971
0.9975004458
0.9772334588
0.9716597386
0.794877723
0.8052641204
0.7185974217
0.7078105186
0.410312516
0.4197529956
0.3210319594
0.3126808648
0.08035457465
0.0907413848
0.04122679804
0.03393873453
0
0
0
0
0
0
0
0
0
0
0
0
0
0
0
0
0
0
0
0
0
0
0
0
0
0
0
0
0.005840808002
0.00527549363
0.004628168144
0.0727075809
0.07518069671
0.1379086589
0.1346629823
0.3991164662
0.4037714184
0.5058276186
0.5010751105
0.7896156516
0.7934876732
0.8697793121
0.8665513753
0.9955739862
0.9961842695
1
1
1
1
1
1
1
1
1
1
0.9998543596
0.9999727501
0.9884831093
0.9869724692
0.832498953
0.8376064317
0.7554410063
0.7494958953
0.4536394569
0.4604836225
0.3597714791
0.353167471
0.1041008095
0.1083519131
0.0532170059
0.05016361183
0
0
0
0
0
0
0
0
0
0
0
0
0
0
0
0
0
0
0
0
0
0
0
0
0
0
0
0
0.008615833625
0.007767665564
0.007012698922
0.08133526743
0.08382771553
0.1491346309
0.1459201273
0.4151164964
0.4196085364
0.5219407071
0.5173805762
0.8028127247
0.806449353
0.8805054207
0.8775083581
0.9974862689
0.9979268799
1
1
1
1
1
1
1
1
1
1
1
0.9999030647
0.9997276993
0.9861685261
0.9874796725
0.8341753564
0.831150058
0.7482956173
0.7514870682
0.4558926468
0.4530246116
0.3527735158
0.3553402481
0.1054880593
0.1041318172
0.05022950865
0.05114896079
0
0
0
0
0
0
0
0
0
0
0
0
0
0
0
0
0
0
0
0
0
0
0
0
0
0
0
0
0.01233940326
0.01133071889
0.01035512059
0.09161712437
0.09436006293
0.1625668443
0.1590920762
0.4333178337
0.4380344459
0.5405556835
0.5358045039
0.8173758859
0.8210709631
0.8924469174
0.889445643
0.9990108693
0.9992925504
1
1
1
1
1
1
1
1
1
1
1
0.997392151
0.9953761048
0.9714195516
0.9770636858
0.8054748227
0.7897791542
0.7071148233
0.7190052153
0.4205414309
0.4101916203
0.3127177062
0.32186329
0.08516779702
0.08061272093
0.0341190628
0.03703333511
0
0
0
0
0
0
0
0
0
0
0
0
0
0
0
0
0
0
0
0
0
0
0
0
0
0
0
0
0.01880778326
0.01612844371
0.01472298059
0.1033215222
0.1068235686
0.1781668859
0.1738126473
0.4530508024
0.4587657949
0.5613300448
0.5556209181
0.8326122624
0.8369089153
0.9051705411
0.9017432837
0.9998761128
0.999972349
1
1
1
1
1
1
1
1
1
1
1
0.9851123837
0.9793429333
0.9408471707
0.9508165233
0.7452761054
0.7336774273
0.6401217233
0.6597796772
0.3630180589
0.3403909936
0.2479738488
0.2693512383
0.05722540904
0.04998605385
0.01545345631
0.01944738025
0
0
0
0
0
0
0
0
0
0
0
0
0
0
0
0
0
0
0
0
0
0
0
0
0
0
0
0
0.02772215846
0.02527557244
0.02163304058
0.1180682739
0.1268251401
0.2020738095
0.1908546909
0.4780558656
0.4865824652
0.5877606628
0.5804855007
0.85101945
0.8528685375
0.9201774478
0.9162809146
1
1
1
1
1
1
1
1
1
1
1
1
1
1
1
1
1
1
1
1
0.9552560019
0.9416731388
0.8853084769
0.9065484772
0.6737699572
0.6502419412
0.5542399647
0.5770887038
0.2824577415
0.2655620847
0.1824279663
0.1964334945
0.0236481911
0.01922787103
0.001451215789
0.002772029295
0
0
0
0
0
0
0
0
0
0
0
0
0
0
0
0
0
0
0
0
0
0
0
0
0
0
0
0
0.02640960589
0.02984415865
0.03189011279
0.1410920148
0.1365507779
0.2139553081
0.2196831007
0.5106008685
0.5021802751
0.6034754655
0.6123218895
0.8730945719
0.8651890024
0.9264159858
0.9330548716
1
1
1
1
1
1
1
1
1
1
1
1
1
1
1
1
1
1
0.9961758118
0.9992092266
0.9019380135
0.8826808104
0.8144429135
0.8359644162
0.5678072141
0.5454799332
0.4461162738
0.4764479232
0.2005894535
0.174830579
0.1115350234
0.1270704795
0.003961308465
0.00178979972
0
0
0
0
0
0
0
0
0
0
0
0
0
0
0
0
0
0
0
0
0
0
0
0
0
0
0
0
0
0
0.006170745719
0.0111956838
0.01663148984
0.1046679844
0.08944988769
0.1530423816
0.1730656122
0.4400066246
0.4080880208
0.5029622967
0.5373932861
0.8022067345
0.7669572722
0.8378089755
0.8706329979
0.9891980131
0.9728663696
0.9915290838
0.9994050871
1
1
1
1
1
1
1
1
1
0.9910841689
0.9756676747
0.9457657097
0.9684015537
0.8108177528
0.7757749013
0.6956121723
0.7318109128
0.4513216554
0.4190639638
0.3262100631
0.3551974633
0.1118778164
0.09609149441
0.04616922148
0.06274026608
0
0
0
0
0
0
0
0
0
0
0
0
0
0
0
0
0
0
0
0
0
0
0
0
0
0
0
0
0
0
0
0
0
0
0.0001515913487
0.03983902289
0.02501785159
0.06116088275
0.08396029842
0.2877208033
0.2427048526
0.3189891952
0.3700464086
0.6178098072
0.5554328306
0.6281158911
0.6916227931
0.8612498719
0.8020347434
0.8425531444
0.8984042223
0.9589813148
0.9137983161
0.9231647843
0.9661835301
0.9600884887
0.9152168669
0.8999919815
0.9479410943
0.8660686839
0.8072105771
0.7587302953
0.8202683529
0.6267442777
0.564165055
0.4872542861
0.5474912409
0.2970874509
0.2513219739
0.1802192551
0.2191949296
0.04419905863
0.02845150895
0.005992413767
0.01385615871
0
0
0
0
0
0
0
0
0
0
0
0
0
0
0
0
0
0
0
0
0
0
0
0
0
0
0
0
0
0
0
0
0
0
0
0.0001462925288
0
0.001585058778
0.009365172356
0.1116667013
0.07453903859
0.1181121306
0.1645053156
0.3479585161
0.2782519739
0.3344245311
0.4099524252
0.5726528665
0.485985118
0.5264532396
0.6149737212
0.6974025508
0.6067795248
0.6187191218
0.709455939
0.6992026613
0.6085591509
0.5899274257
0.6802970992
0.5779299164
0.4910055018
0.4453942237
0.5297171657
0.355258381
0.28482009
0.2285736812
0.2922656481
0.1174439002
0.07921279674
0.0429685839
0.07155173951
0.0004857143303
0
0
0
0
0
0
0
0
0
0
0
0
0
0
0
0
0
0
0
0
0
0
0
0
0
0
0
0
0
0
0
0
0
0
0
0
0
0
0
0
0
0
0.004821745435
0
0.003736458071
0.01851168555
0.09797992085
0.05476859845
0.08025309501
0.1318533026
0.2335787878
0.1617500785
0.1863149356
0.2630612758
0.3245199194
0.2385396808
0.2467123793
0.3340070261
0.3259279496
0.2397508499
0.2271900672
0.3112896999
0.2371839487
0.1647351122
0.1382670567
0.2049730531
0.1018174864
0.05759448947
0.03489751327
0.07014855265
0.005983341508
1.679242268e-05
0
6.448461232e-05
0
0
0
0
0
0
0
0
0
0
0
0
0
0
0
0
0
0
0
0
0
0
0
0
0
0
0
0
0
0
0
0
0
0
0
0
0
0
0
0
0
0
0
0
0
0
0
0
0
0
0.0007851772156
0.01920888741
0.002166397188
0.005389994442
0.02768432027
0.04859281191
0.01582803158
0.01783305429
0.05216580291
0.04911763437
0.0161194074
0.01319822665
0.04375649622
0.0201843141
0.002490291034
0.0003640926371
0.01213287238
0
0
0
0
0
0
0
0
0
0
0
0
0
0
0
0
0
0
0
0
0
0
0
0
0
0
0
0
0
0
0
0
0
0
0
0
0
0
0
0
0
0
0
0
0
0
0
0
0
0
0
0
0
0
0
0
0
0
0
0
0
0
0
0
0
0
0
0
0
0
0
0
0
0
0
0
0
0
0
0
0
0
0
0
0
0
0
0
0
0
0
0
0
0
0
0
0
0
0
0
0
0
0
0
0
0
0
0
0
0
0
0
0
0
0
0
0
0
0
0
0
0
0
0
0
0
0
0
0
0
0
0
0
0
0
0
0
0
0
0
0
0
0
0
0
0
0
0
0
0
0
0
0
0
0
0
0
0
0
0
0
0
0
0
0
0
0
0
0
0
0
0
0
0
0
0
0
0
0
0
0
0
0
0
0
0
0
0
0
0
0
0
0
0
0
0
0
0
0
0
0
0
0
0
0
0
0
0
0
0
0
0
0
0
0
0
0
0
0
0
0
0
0
0
0
0
0
0
0
0
0
0
0
0
0
0
0
0
0
0
0
0
0
0
0
0
0
0
0
0
0
0
0
0
0
0
0
0
0
0
0
0
0
0
0
0
0
0
0
0
0
0
0
0
0
0
0
0
0
0
0
0
0
0
0
0
0
0
0
0
0
0
0
0
0
0
0
0
0
0
0
0
0
0
0
0
0
0
0
0
0
0
0
0
0
0
0
0
0
0
0
0
0
0
0
0
0
0
0
0
0
0
0
0
0
0
0
0
0
0
0
0
0
0
0
0
0
0
0
0
0
0
0
0
0
0
0
0
0
0
0
0
0
0
0
0
0
0
0
0
0
0
0
0
0
0
0
0
0
0
0
0
0
0
0
0
0
0
0
0
0
0
0
0
0
0
0
0
0
0
0
0
0
0
0
0
0
0
0
0
0
0
0
0
0
0
0
0
0
0
0
0
0
0
0
0
0
0
0
0
0
0
0
0
0
0
0
0
0
0
0
0
0
0
0
0
0
0
0
0
0
0
0
0
0
0
0
0
0
0
0
0
0
0
0
0
0
0
0
0
0
0
0
0
0
0
0
0
0
0
0
0
0
0
0
0
0
0
0
0
0
0
0
0
0
0
0
0
0
0
0
0
0
0
0
0
0
0
0
0
0
0
0
0
0
0
0
0
0
0
0
0
0
0
0
0
0
0
0
0
0
0
0
0
0
0
0
0
0
0
0
0
0
0
0
0
0
0
0
0
0
0
0
0
0
0
0
0
0
0
0
0
0
0
0
0
0
0
0
0
0
0
0
0
0
0
0
0
0
0
0
0
0
0
0
0
0
0
0
0
0
0
0
0
0
0
0
0
0
0
0
0
0
0
0
0
0
0
0
0
0
0
0
0
0
0
0
0
0
0
0
0
0
0
0
0
0
0
0
0
0
0
0
0
0
0
0
0
0
0
0
0
0
0
0
0
0
0
0
0
0
0
0
0
0
0
0
0
0
0
0
0
0
0
0
0
0
0
0
0
0
0
0
0
0
0
0
0
0
0
0
0
0
0
0
0
0
0
0
0
0
0
0
0
0
0
0
0
0
0
0
0
0
0
0
0
0
0
0
0
0
0
0
0
0
0
0
0
0
0
0
0
0
0
0
0
0
0
0
0
0
0
0
0
0
0
0
0
0
0
0
0
0
0
0
0
0
0
0
0
0
0
0
0
0
0
0
0
0
0
0
0
0
0
0
0
0
0
0
0
0
0
0
0
0
0
0
0
0
0
0
0
0
0
0
0
0
0
0
0
0
0
0
0
0
0
0
0
0
0
0
0
0
0
0
0
0
0
0
0
0
0
0
0
0
0
0
0
0
0
0
0
0
0
0
0
0
0
0
0
0
0
0
0
0
0
0
0
0
0
0
0
0
0
0
0
0
0
0
0
0
0
0
0
0
0
0
0
0
0
0
0
0
0
0
0
0
0
0
0
0
0
0
0
0
0
0
0
0
0
0
0
0
0
0
0
0
0
0
0
0
0
0
0
0
0
0
0
0
0
0
0
0
0
0
0
0
0
0
0
0
0
0
0
0
0
0
0
0
0
0
0
0
0
0
0
0
0
0
0
0
0
0
0
0
0
0
0
0
0
0
0
0
0
0
0
0
0
0
0
0
0
0
0
0
0
0
0
0
0
0
0
0
0
0
0
0
0
0
0
0
0
0
0
0
0
0
0
0
0
0
0
0
0
0
0
0
0
0
0
0
0
0
0
0
0
0
0
0
0
0
0
0
0
0
0
0
0
0
0
0
0
0
0
0
0
0
0
0
0
0
0
0
0
0
0
0
0
0
0
0
0
0
0
0
0
0
0
0
0
0
0
0
0
0
0
0
0
0
0
0
0
0
0
0
0
0
0
0
0
0
0
0
0
0
0
0
0
0
0
0
0
0
0
0
0
0
0
0
0
0
0
0
0
0
0
0
0
0
0
0
0
0
0
0
0
0
0
0
0
0
0
0
0
0
0
0
0
0
0
0
0
0
0
0
0
0
0
0
0
0
0
0
0
0
0
0
0
0
0
0
0
0
0
0
0
0
0
0
0
0
0
0
0
0
0
0
0
0
0
0
0
0
0
0
0
0
0
0
0
0
0
0
0
0
0
0
0
0
0
0
0
0
0
0
0
0
0
0
0
0
0
0
0
0
0
0
0
0
0
0
0
0
0
0
0
0
0
0
0
0
0
0
0
0
0
0
0
0
0
0
0
0
0
0
0
0
0
0
0
0
0
0
0
0
0
0
0
0
0
0
0
0
0
0
0
0
0
0
0
0
0
0
0
0
0
0
0
0
0
0
0
0
0
0
0
0
0
0
0
0
0
0
0
0
0
0
0
0
0
0
0
0
0
0
0
0
0
0
0
0
0
0
0
0
0
0
0
0
0
0
0
0
0
0
0
0
0
0
0
0
0
0
0
0
1
1
1
1
1
1
1
1
1
1
1
1
1
1
1
1
1
1
1
1
1
1
1
1
1
1
1
1
1
1
1
1
1
1
1
1
1
1
1
1
1
1
1
1
1
1
1
1
1
1
1
1
1
1
1
1
1
1
1
1
1
1
1
1
1
1
1
1
1
1
1
1
1
1
1
1
0.9996303968
1
1
1
1
1
0.9970914733
1
1
1
1
1
1
1
1
1
1
1
1
1
0.9999805816
1
1
1
1
0.9986981969
1
1
1
1
1
1
1
1
1
1
1
1
1
1
1
1
1
1
1
1
1
1
1
1
1
1
1
0.9986236651
1
1
1
1
0.9996667039
1
1
1
1
1
1
1
1
1
1
1
1
1
1
1
1
1
1
1
1
1
1
1
1
1
1
1
1
1
1
1
1
1
1
1
1
1
1
1
1
1
1
1
1
1
1
1
1
1
1
1
1
1
1
1
1
1
1
1
1
1
1
1
1
1
1
1
1
1
1
1
1
1
1
1
1
1
1
1
1
1
1
1
1
1
1
1
1
1
1
1
1
1
1
1
1
1
1
1
1
1
1
1
1
1
1
1
1
1
1
1
1
1
1
1
1
1
1
1
1
1
1
1
1
1
1
1
1
1
1
1
1
1
1
1
1
1
1
1
1
1
1
1
1
1
1
1
1
1
1
1
1
1
1
1
1
1
1
1
1
1
1
1
1
1
1
1
1
1
1
1
1
1
1
1
1
1
1
1
1
1
1
1
1
1
1
1
1
1
1
1
1
1
1
1
1
1
1
1
1
1
1
1
1
1
1
1
1
1
1
1
1
1
1
1
1
1
1
1
1
1
1
1
1
1
1
1
1
1
1
1
1
1
1
1
1
1
1
1
1
1
1
1
1
1
1
1
1
1
1
1
1
0.9946891388
1
1
1
1
1
1
1
1
1
1
1
1
1
1
1
1
1
1
1
1
1
1
1
1
1
1
1
1
1
0.9895131454
0.9999817488
0.9995381373
1
1
1
1
1
1
1
1
1
1
1
1
1
1
1
1
1
1
1
1
1
1
1
1
1
1
1
1
1
1
1
1
1
1
1
1
1
1
1
1
1
1
1
1
1
1
1
1
1
1
1
1
1
1
1
1
1
1
1
1
1
1
1
1
1
1
1
1
1
1
1
1
1
1
1
1
1
1
1
1
1
1
1
1
1
1
1
1
1
1
1
1
1
1
1
1
1
1
1
1
1
1
1
1
1
1
1
1
1
1
1
1
1
1
1
1
1
1
1
1
1
1
1
1
1
1
1
1
1
1
1
1
1
1
1
1
1
1
1
1
1
1
1
1
1
1
1
1
1
1
1
1
1
1
1
1
1
1
1
1
1
1
1
1
1
1
1
1
1
1
1
1
1
1
1
1
1
1
1
1
1
1
1
1
1
1
1
1
1
1
1
1
1
1
1
1
1
1
1
1
1
1
1
1
1
1
1
1
1
1
1
1
1
1
1
1
1
1
1
1
1
1
1
1
1
1
1
1
1
1
1
1
1
1
1
1
1
1
1
1
1
1
1
1
1
1
1
1
1
1
1
1
1
1
1
1
1
1
1
1
1
1
1
1
1
1
1
1
1
1
1
1
1
1
1
1
1
1
1
1
1
1
1
1
1
1
1
1
1
1
1
1
1
1
1
1
1
1
1
1
1
1
1
1
1
1
1
1
1
1
1
1
1
1
1
1
1
1
1
1
1
1
1
1
1
1
1
1
1
1
1
1
1
1
1
1
1
1
1
1
1
1
1
1
1
1
1
1
1
1
1
1
1
1
1
1
1
1
1
1
1
1
1
1
1
1
1
1
1
1
1
1
1
1
1
1
1
1
1
1
1
1
1
1
1
1
1
1
1
1
1
1
1
1
1
1
1
1
1
1
1
1
1
1
1
1
1
1
1
1
1
1
1
1
1
1
1
1
1
1
1
1
1
1
1
0.9974502645
1
1
1
1
1
1
1
1
1
1
1
1
1
1
1
1
1
1
0.9983814012
1
0.9997591649
1
1
1
1
1
1
1
1
1
1
1
1
1
1
1
1
1
1
1
1
1
1
1
1
1
1
1
1
1
1
1
1
1
1
1
1
1
1
1
1
1
1
1
1
1
1
1
1
1
1
1
1
1
1
1
1
1
1
1
1
1
1
1
1
1
1
1
1
1
1
1
1
1
1
1
1
1
1
1
1
1
1
1
1
1
1
1
1
1
1
1
1
1
1
1
1
1
1
1
1
1
1
1
1
1
1
1
1
1
1
1
1
1
1
1
1
1
1
1
1
1
1
1
1
1
1
1
1
1
1
1
1
1
1
1
1
1
1
1
1
1
1
1
1
1
1
1
1
1
1
1
1
1
1
1
1
1
1
1
1
1
1
1
1
1
1
1
1
1
1
1
1
1
1
1
1
1
1
1
1
1
1
1
1
1
1
1
1
1
1
1
1
1
1
1
1
1
1
1
1
1
1
1
1
1
1
1
1
1
1
1
1
1
1
1
1
1
1
1
1
1
1
1
1
1
1
1
1
1
1
1
1
1
1
1
1
1
1
1
1
1
1
1
1
1
1
1
1
1
1
1
1
1
1
1
1
1
1
1
1
1
1
1
1
1
1
1
1
1
1
1
1
1
1
1
1
1
1
1
1
1
1
1
1
1
1
1
1
1
1
1
1
1
1
1
1
1
1
1
1
1
1
1
1
1
1
1
1
1
1
1
1
1
1
1
1
1
1
1
1
1
1
1
1
1
1
1
1
1
1
1
1
1
1
1
1
1
1
1
1
1
1
1
1
1
1
1
1
1
1
1
1
1
1
1
1
1
1
1
1
1
1
1
1
1
1
1
1
1
1
1
1
1
1
1
1
1
1
1
1
1
1
1
1
1
1
1
1
1
1
1
1
1
1
1
1
1
1
1
1
1
1
1
1
1
1
1
1
1
1
1
1
1
1
1
1
1
1
1
1
1
1
1
1
1
1
1
1
1
1
1
1
1
1
1
1
1
1
1
1
1
1
1
1
1
1
1
1
1
1
1
1
1
1
1
1
1
1
1
1
1
1
1
1
1
1
1
1
1
1
1
1
1
1
1
1
1
1
1
1
1
1
1
1
1
1
1
1
1
1
1
1
1
1
1
1
1
1
1
1
1
1
1
1
1
1
1
1
1
1
1
1
1
1
1
1
1
1
1
1
1
1
1
1
1
1
1
1
1
1
1
1
1
1
1
1
1
1
1
1
1
1
1
1
1
1
1
1
1
1
1
1
1
1
1
1
1
1
1
1
1
1
1
1
1
1
1
1
1
1
1
1
1
1
1
1
1
1
1
1
1
1
1
1
1
1
1
1
1
1
1
1
1
1
1
1
1
1
1
1
1
1
1
1
1
1
1
1
1
1
1
1
1
1
1
1
1
1
1
1
1
1
1
1
1
1
1
1
1
1
1
1
1
1
1
1
1
1
1
1
1
1
1
1
1
1
1
1
1
1
1
1
1
1
1
1
1
1
1
1
1
1
1
1
1
1
1
1
1
1
1
1
1
1
1
1
1
1
1
1
1
1
1
1
1
1
1
1
1
1
1
1
1
1
1
1
1
1
1
1
1
1
1
1
1
1
1
1
1
1
1
1
1
1
1
1
1
1
1
1
1
1
1
1
1
1
1
1
1
1
1
1
1
1
1
1
1
1
1
1
1
1
1
1
1
1
1
1
1
1
1
1
1
1
1
1
1
1
1
1
1
1
1
1
1
1
1
1
1
1
1
1
1
1
1
1
1
1
1
1
1
1
1
1
1
1
1
1
1
1
1
1
1
1
1
1
1
1
1
1
1
1
1
1
1
1
1
1
1
1
1
1
1
1
1
1
1
1
1
1
1
1
1
1
1
1
1
1
1
1
1
1
1
1
1
1
1
1
1
1
1
1
1
1
1
1
1
1
1
1
1
1
1
1
1
1
1
1
1
1
1
1
1
1
1
1
1
1
1
1
1
1
1
1
1
1
1
1
1
1
1
1
1
1
1
1
1
1
1
1
1
1
1
1
1
1
1
1
1
1
1
1
1
1
1
1
1
1
1
1
1
1
1
1
1
1
1
1
1
1
1
1
1
1
1
1
1
1
1
1
1
1
1
1
1
0.9896438895
0.9999955464
0.9846306623
0.9943926961
1
1
1
1
1
1
1
0.9655278687
0.9923866604
0.9863664485
0.998131218
1
1
1
1
1
1
1
1
1
1
1
1
1
1
1
1
1
1
1
1
1
1
1
1
1
1
1
1
1
1
1
1
1
1
1
1
1
1
1
1
1
1
1
1
1
1
1
1
1
1
1
1
1
1
1
1
1
1
1
1
1
1
1
1
1
1
1
1
1
1
1
1
1
1
1
1
1
1
1
1
1
1
1
1
1
1
1
1
1
1
1
1
1
1
1
1
1
1
1
1
1
1
1
1
1
1
1
1
1
1
1
1
1
1
1
1
1
1
1
1
1
1
1
1
1
1
1
1
1
1
1
1
1
1
1
1
1
1
1
1
1
1
1
1
1
1
1
1
1
1
1
1
1
1
1
1
1
1
1
1
1
1
1
1
1
1
1
1
1
1
1
1
1
1
1
1
1
1
1
1
1
1
1
1
1
1
1
1
1
1
1
1
1
1
1
1
1
1
1
1
1
1
1
1
1
1
1
1
1
1
1
1
1
1
1
1
1
1
1
1
1
1
1
1
1
1
1
1
1
1
1
1
1
1
1
1
1
1
1
1
1
1
1
1
1
1
1
1
1
1
1
1
1
1
1
1
1
1
1
1
1
1
1
1
1
1
1
1
1
1
1
1
1
1
1
1
1
1
1
1
1
1
1
1
1
1
1
1
1
1
1
1
1
1
1
1
1
1
1
1
1
1
1
1
1
1
1
1
1
1
1
1
1
1
1
1
1
1
1
1
1
1
1
1
1
1
1
1
1
1
1
1
1
1
1
1
1
1
1
1
1
1
1
1
1
1
1
1
1
1
1
1
1
1
1
1
1
1
1
1
1
1
1
1
1
1
1
1
1
1
1
1
1
1
1
1
1
1
1
1
1
1
1
1
1
1
1
1
1
1
1
1
1
1
1
1
1
1
1
1
1
1
1
1
1
1
1
1
1
1
1
1
1
1
1
1
1
1
1
1
1
1
1
1
1
1
1
1
1
1
1
1
1
1
1
1
1
1
1
1
1
1
1
1
1
1
1
1
1
1
1
1
1
1
1
1
1
1
1
1
1
1
1
1
1
1
1
1
1
1
1
1
1
1
1
1
1
1
1
1
1
1
1
1
1
1
1
1
1
1
1
1
1
1
1
1
1
1
1
1
1
1
1
1
1
1
1
1
1
1
1
1
1
1
1
1
1
1
1
1
1
1
1
1
1
1
1
1
1
1
1
1
1
1
1
1
1
1
1
1
1
1
1
1
1
1
1
1
1
1
1
1
1
1
1
1
1
1
1
1
1
1
1
1
1
1
1
1
1
1
1
1
1
1
1
1
1
1
1
1
1
1
1
1
1
1
1
1
1
1
1
1
1
1
1
1
1
1
1
1
1
1
1
1
1
1
1
1
1
1
1
1
1
1
1
1
1
1
1
1
1
1
1
1
1
1
1
1
1
1
1
1
1
1
1
1
1
1
1
1
1
1
1
1
1
1
1
1
1
1
1
1
1
1
1
1
1
1
1
1
1
1
1
1
1
1
1
1
1
1
1
1
1
1
1
1
1
1
1
1
1
1
1
1
1
1
1
1
1
1
1
1
1
1
1
1
1
1
1
1
1
1
1
1
1
1
1
1
1
1
1
1
1
1
1
1
1
1
1
1
1
1
1
1
1
1
1
1
1
1
1
1
1
1
1
1
1
1
1
1
1
1
1
1
1
1
1
1
1
1
1
1
1
1
1
1
1
1
1
1
1
1
1
1
1
1
1
1
1
1
1
1
1
1
1
1
1
1
1
1
1
1
1
1
1
1
1
1
1
1
1
1
1
1
1
1
1
1
1
1
1
1
1
1
1
1
1
1
1
1
1
1
1
1
1
1
1
1
0
0
0
0
0
0
0
0
0
0
0
0
0
0
0.0037618194
0.0004214104112
0.01148392851
0
0
0.009570406205
0.03240099574
0.02475232224
0.06158567988
0
0
0.03908073903
0.04873313733
0.04757227059
0.09637066049
0
0.0007997606964
0.0476238333
0.03256787271
0.03921978668
0.08405315066
0
9.000658249e-05
0.02493344461
0.003869656751
0.009723609514
0.0352781234
0
0
0.0004618597399
0
0
0.0001394304188
0
0
0
0
0
0
0
0
0
0
0
0
0
0
0
0
0
0
0
0
0
0.03688501971
0.01675097198
0.04073094094
0
0.06284404506
0.1596077895
0.1258053027
0.1856575995
0.03693921195
0.1929209923
0.2777700688
0.2530616467
0.3360539763
0.1132820566
0.2977526852
0.324617701
0.3215037923
0.413610317
0.1599226771
0.3216735132
0.2784038682
0.29824497
0.387487611
0.1437096016
0.253815929
0.1605385852
0.1938282246
0.2673023535
0.07561952238
0.1267230306
0.03750594484
0.06360765795
0.1070007817
0.008825943393
0.01719268519
0
0
0.004207725733
0
0
0
0
0
0
0
0
0.03039630046
0.008520499964
0.0211008928
0
0.06413072888
0.216934657
0.1595783363
0.2093000753
0.07358020811
0.2776429121
0.4585062016
0.4003891836
0.4757985102
0.2529459192
0.5122454211
0.6366200392
0.602067217
0.6863690512
0.4239266647
0.6636682192
0.6987736164
0.6947763989
0.778692162
0.5088417596
0.6950389046
0.6376490214
0.664449487
0.748914637
0.4804907609
0.6033332885
0.4603125325
0.5139111302
0.5957643686
0.346963629
0.40229528
0.218382091
0.2795163082
0.3438419319
0.1587805898
0.1602026697
0.03538561161
0.06962645345
0.1046475868
0.01714823569
0.01191272342
0
0
0
0
0.01490219348
0.0008707606482
0.147873
0.09025596338
0.1168116508
0.04217911279
0.2155407732
0.445850356
0.3698543622
0.4224084038
0.2610342307
0.5294225629
0.748462427
0.6827862456
0.7443466207
0.5493491554
0.80516239
0.9181689452
0.8898131973
0.935172998
0.763866182
0.9383837725
0.9615510601
0.9591040351
0.9882731897
0.8524162436
0.9592916012
0.9187688197
0.938958663
0.9745671999
0.8244188353
0.8902627745
0.7549083988
0.8107960314
0.8638447045
0.6729806305
0.6893119055
0.4642385535
0.5429669747
0.6032802498
0.4071396637
0.3836028964
0.1590040986
0.2280688394
0.2703443714
0.1437878491
0.09950962352
0.002132550015
0.01914247724
0.03174521481
0.002270700117
0.06222349591
0.02370152974
0.2754242817
0.1930575432
0.2106529482
0.1434862512
0.3656865543
0.6473262803
0.5553051755
0.588641901
0.4715292403
0.7329147515
0.9277668496
0.873687683
0.9028263545
0.7979193517
0.9653053633
1
0.9988962249
1
0.9678970733
1
1
1
0.9998153307
1
1
1
1
0.9953066424
0.9993326493
0.932392766
0.9673256396
0.9065674379
0.8835467146
0.6632211571
0.7471695258
0.7811379594
0.6578742422
0.5722694117
0.2857509397
0.3827466216
0.411063778
0.3109537856
0.2049811747
0.03292677622
0.07582573605
0.09313608451
0.04578468207
0.1099446289
0.05475706017
0.3591848512
0.2654179963
0.2751279132
0.2327315679
0.4585488514
0.7491723537
0.6576142123
0.6713506712
0.6099604319
0.8303975478
0.9841033672
0.9492361078
0.9588009888
0.9245266095
0.999319375
1
1
1
1
1
1
1
1
1
1
1
1
1
1
1
1
1
1
1
1
1
1
1
1
1
1
1
1
1
0.9982458754
0.9615685812
0.7777439302
0.8539451277
0.869723061
0.8078705135
0.6901586696
0.3950882323
0.494883463
0.5114836959
0.4444288722
0.2993179621
0.07390790314
0.1353000889
0.1441795054
0.1092825293
0.1303636268
0.06946072179
0.3929036765
0.2955681237
0.3013789688
0.280024432
0.4947167552
0.7844018374
0.6946632051
0.7005102286
0.678459572
0.8621896468
0.9695633634
0.9717128685
0.9631020631
0.9937018247
1
1
1
1
1
1
1
1
1
1
1
1
1
1
1
1
1
1
1
1
1
1
0.9855156687
0.8290802226
0.8985297386
0.9015339038
0.8791659928
0.7458772073
0.4502917112
0.5524553813
0.5560367095
0.5217364288
0.3501429308
0.1024640184
0.1724974752
0.174642546
0.1569664178
0.1432959754
0.07931105222
0.4114224248
0.3129255275
0.3164008824
0.305739058
0.513624675
0.7997940999
0.7119741042
0.7153856756
0.704863098
0.8750128104
0.975748333
0.9769032696
0.9732733229
0.996658857
1
1
1
1
1
1
1
1
1
1
1
1
1
1
1
1
1
1
1
1
1
1
1
1
0.9886598613
0.8382225522
0.9060870761
0.9028887309
0.905594881
0.7561746602
0.4613281542
0.5637090246
0.5582910611
0.5628776156
0.3605783397
0.1088706972
0.1805594319
0.1763774453
0.1799133688
0.1557992973
0.08903085073
0.4288184065
0.329352074
0.3336206405
0.3206386707
0.5312629637
0.8138175573
0.727892349
0.7319562495
0.7195093109
0.8865449229
0.9809371026
0.9821804734
0.9782668638
0.9983443643
1
1
1
1
1
1
1
1
1
1
1
1
1
1
1
1
1
1
1
1
1
1
1
0.9809290353
0.8153068641
0.8874119237
0.8791731776
0.900201454
0.7300251846
0.4322787984
0.5344024059
0.522428285
0.5551735898
0.33291807
0.09168361199
0.158989834
0.1506315555
0.1745907655
0.1717780383
0.1017780995
0.4498150569
0.3495410223
0.352441566
0.3381026081
0.5521527462
0.8292558267
0.7459260391
0.7494795406
0.7361867125
0.8987824084
0.9857047187
0.9871427943
0.9834393557
0.9995254559
1
1
1
1
1
1
1
1
1
1
1
1
1
1
1
1
1
1
1
1
1
1
1
0.9597714147
0.7672155337
0.8465075209
0.8284561363
0.8664652845
0.6767605697
0.3770671137
0.4776014385
0.4620900656
0.5111819184
0.2815343129
0.06270443178
0.1210034854
0.1131848667
0.1444456791
0.1910293215
0.1173686842
0.4747871076
0.3735819147
0.3703509479
0.3579265352
0.5770102963
0.8477723271
0.7674880493
0.7709770689
0.7544641772
0.9134764614
0.9910863567
0.9922450444
0.9884265102
1
1
1
1
1
1
1
1
1
1
1
1
1
1
1
1
1
1
1
1
1
1
1
1
1
1
1
1
0.9198717668
0.6906260117
0.7797969684
0.7633386586
0.8174175855
0.6007510269
0.3054824342
0.4015816005
0.3772240683
0.4394348469
0.2171508681
0.03230432149
0.07757565117
0.06417352399
0.09739677481
0.2154386062
0.1374834156
0.5057291705
0.4035271966
0.4084109826
0.3858062282
0.6076844205
0.8702510048
0.7938674153
0.7974555336
0.7747250507
0.9310374859
0.9963745982
0.9967612753
0.9934474327
1
1
1
1
1
1
1
1
1
1
1
1
1
1
1
1
1
1
1
1
1
1
1
1
1
1
1
1
0.9150469492
0.9625243771
0.9519532163
0.979842811
0.8547994882
0.6001019833
0.6946704225
0.6650292575
0.7400620768
0.5010062492
0.2171477805
0.3052681074
0.2855594867
0.3577134711
0.1402050917
0.009178978406
0.03738876856
0.02650420651
0.05650413624
0.1902602801
0.1179538886
0.4666114747
0.3682862221
0.3442726016
0.400689234
0.5658325451
0.8301146622
0.7511848652
0.7219520996
0.7888058663
0.8958933076
0.9803207026
0.9647915001
0.9946071228
0.9999580955
1
1
1
1
1
1
1
1
1
1
1
1
1
1
1
1
1
1
1
1
1
1
1
1
1
1
1
0.9831698289
0.8384881228
0.9025846763
0.8777238019
0.9361895417
0.7609534911
0.478181705
0.577245408
0.5486490049
0.6419961158
0.3875978082
0.1389780385
0.2127392829
0.1818982392
0.2569274001
0.07806268969
0
0.007380027169
0.003446036267
0.01999184317
0.1075715112
0.05616653401
0.331039994
0.247932076
0.2105905099
0.3157137927
0.4184558816
0.6743901366
0.5931496012
0.5379686105
0.6857076215
0.7481733609
0.9095914828
0.8665949346
0.8142988441
0.9414142058
0.9419369416
0.9878306759
0.9793106524
0.9461150471
1
0.9920609683
0.9885107867
0.9923451103
0.966700315
1
1
0.9805798522
0.9138877957
0.9450471693
0.9021107434
0.9929457172
0.8721593169
0.6833951961
0.7561797999
0.6997261396
0.8452790948
0.6029068419
0.3410481834
0.4287498122
0.3798151709
0.5139887768
0.2572705055
0.06137641612
0.1144707792
0.09002094799
0.1613319071
0.02376855599
0
0
0
0.0003302821585
0.02266893774
0.004115467858
0.1531508779
0.0991312503
0.06681643997
0.1724504222
0.2146146156
0.4187669033
0.3498755273
0.2849526474
0.4780914698
0.4855143774
0.6558508593
0.6053886863
0.5237117894
0.7525126501
0.6988739404
0.7807155157
0.76131748
0.6775951842
0.8977592583
0.792424629
0.7824689458
0.7932949466
0.7103549795
0.9238506916
0.7639744945
0.6612479471
0.7033731892
0.6194350648
0.846685719
0.6116189445
0.4266786001
0.4930492081
0.4170091414
0.6361769835
0.3579292491
0.1599633922
0.2221319737
0.1710648702
0.3281189763
0.1049536108
0.005522201193
0.02574635978
0.01133920581
0.06629697444
0
0
0
0
0
0
0
0.01966190717
0.004712097895
0
0.03937383832
0.04346122966
0.1510281143
0.1109377251
0.06669677312
0.2221100996
0.1929538389
0.313494956
0.2756512435
0.201073609
0.4397521549
0.3473826034
0.4168553822
0.3997035305
0.3092240761
0.5872749647
0.4274495397
0.4184298322
0.4282446871
0.334720291
0.619611913
0.4020249892
0.31766004
0.3510211031
0.266246756
0.5307475679
0.2802200318
0.1558431981
0.197870476
0.1358873157
0.340873981
0.1154484061
0.02200456189
0.0467302338
0.02061662962
0.1236314752
0.005947977868
0
0
0
0.0024316504
0
0
0
0
0
0
0
0
0
0
0
0
0.004661811881
0.0003093416793
0
0.03252594594
0.01323738784
0.05247953401
0.03829506907
0.01126586834
0.1350954503
0.06636975776
0.097958235
0.08979267392
0.04301717274
0.225423157
0.1031170806
0.09871939358
0.1035077878
0.0524378958
0.2473279574
0.09088421051
0.05412878835
0.06792322499
0.02866513027
0.1889892626
0.03992768533
0.005464871234
0.0144543334
0.001090422631
0.08335946837
0.0005604143497
0
0
0
0.00468538905
0
0
0
0
0
0
0
0
0
0
0
0
0
0
0
0
0
0
0
0
0
0
0
0
0
0.000231488919
0
0
0
0
0.01280557857
0
0
0
0
0.01798772807
0
0
0
0
0.005813197476
0
0
0
0
0
0
0
0
0
0
0
0
0
0
0
0
0
0
0
0
0
0
0
0
0
0
0
0
0
0
0
0
0
0
0
0
0
0
0
0
0
0
0
0
0
0
0
0
0
0
0
0
0
0
0
0
0
0
0
0
0
0
0
0
0
0
0
0
0
0
0
0
0
0
0
0
0
0
0
0
0
0
0
0
0
0
0
0
0
0
0
0
0
0
0
0
0
0
0
0
0
0
0
0
0
0
0
0
0
0
0
0
0
0
0
0
0
0
0
0
0
0
0
0
0
0
0
0
0
0
0
0
0
0
0
0
0
0
0
0
0
0
0
0
0
0
0
0
0
0
0
0
0
0
0
0
0
0
0
0
0
0
0
0
0
0
0
0
0
0
0
0
0
0
0
0
0
0
0
0
0
0
0
0
0
0
0
0
0
0
0
0
0
0
0
0
0
0
0
0
0
0
0
0
0
0
0
0
0
0
0
0
0
0
0
0
0
0
0
0
0
0
0
0
0
0
0
0
0
0
0
0
0
0
0
0
0
0
0
0
0
0
0
0
0
0
0
0
0
0
0
0
0
0
0
0
0
0
0
0
0
0
0
0
0
0
0
0
0
0
0
0
0
0
0
0
0
0
0
0
0
0
0
0
0
0
0
0
0
0
0
0
0
0
0
0
0
0
0
0
0
0
0
0
0
0
0
0
0
0
0
0
0
0
0
0
0
0
0
0
0
0
0
0
0
0
0
0
0
0
0
0
0
0
0
0
0
0
0
0
0
0
0
0
0
0
0
0
0
0
0
0
0
0
0
0
0
0
0
0
0
0
0
0
0
0
0
0
0
0
0
0
0
0
0
0
0
0
0
0
0
0
0
0
0
0
0
0
0
0
0
0
0
0
0
0
0
0
0
0
0
0
0
0
0
0
0
0
0
0
0
0
0
0
0
0
0
0
0
0
0
0
0
0
0
0
0
0
0
0
0
0
0
0
0
0
0
0
0
0
0
0
0
0
0
0
0
0
0
0
0
0
0
0
0
0
0
0
0
0
0
0
0
0
0
0
0
0
0
0
0
0
0
0
0
0
0
0
0
0
0
0
0
0
0
0
0
0
0
0
0
0
0
0
0
0
0
0
0
0
0
0
0
0
0
0
0
0
0
0
0
0
0
0
0
0
0
0
0
0
0
0
0
0
0
0
0
0
0
0
0
0
0
0
0
0
0
0
0
0
0
0
0
0
0
0
0
0
0
0
0
0
0
0
0
0
0
0
0
0
0
0
0
0
0
0
0
0
0
0
0
0
0
0
0
0
0
0
0
0
0
0
0
0
0
0
0
0
0
0
0
0
0
0
0
0
0
0
0
0
0
0
0
0
0
0
0
0
0
0
0
0
0
0
0
0
0
0
0
0
0
0
0
0
0
0
0
0
0
0
0
0
0
0
0
0
0
0
0
0
0
0
0
0
0
0
0
0
0
0
0
0
0
0
0
0
0
0
0
0
0
0
0
0
0
0
0
0
0
0
0
0
0
0
0
0
0
0
0
0
0
0
0
0
0
0
0
0
0
0
0
0
0
0
0
0
0
0
0
0
0
0
0
0
0
0
0
0
0
0
0
0
0
0
0
0
0
0
0
0
0
0
0
0
0
0
0
0
0
0
0
0
0
0
0
0
0
0
0
0
0
0
0
0
0
0
0
0
0
0
0
0
0
0
0
0
0
0
0
0
0
0
0
0
0
0
0
0
0
0
0
0
0
0
0
0
0
0
0
0
0
0
0
0
0
0
0
0
0
0
0
0
0
0
0
0
0
0
0
0
0
0
0
0
0
0
0
0
0
0
0
0
0
0
0
0
0
0
0
0
0
0
0
0
0
0
0
0
0
0
0
0
0
0
0
0
0
0
0
0
0
0
0
0
0
0
0
0
0
0
0
0
0
0
0
0
0
0
0
0
0
0
0
0
0
0
0
0
0
0
0
0
0
0
0
0
0
0
0
0
0
0
0
0
0
0
0
0
0
0
0
0
0
0
0
0
0
0
0
0
0
0
0
0
0
0
0
0
1
1
1
1
1
1
1
1
1
1
1
1
1
1
1
1
1
1
1
1
1
1
1
1
1
1
1
1
1
1
1
1
1
1
1
1
1
1
1
1
1
1
1
1
1
1
1
1
1
1
1
1
1
1
1
1
1
1
1
1
1
1
1
1
1
1
1
1
1
1
1
1
1
1
1
1
1
1
1
1
1
1
1
1
1
1
1
1
1
1
1
1
1
1
1
1
1
1
1
1
1
1
1
1
1
1
1
1
1
1
1
1
1
1
1
1
1
1
1
1
1
1
1
1
1
1
1
1
1
1
1
1
1
1
1
1
1
1
1
1
1
1
1
1
1
1
1
1
1
1
1
1
1
1
1
1
1
1
1
1
1
1
1
1
1
1
1
1
1
1
1
1
1
1
1
1
1
1
1
1
1
1
1
1
1
1
1
1
1
1
0.9987818029
1
1
1
1
1
1
1
1
1
1
1
1
1
1
1
1
1
1
1
1
1
1
1
1
1
1
0.9999923632
1
1
1
1
1
1
1
1
1
1
1
1
1
1
1
1
1
1
1
1
1
1
1
1
1
1
1
1
1
1
1
1
1
1
1
1
1
1
1
0.9993288985
1
1
1
1
1
1
1
1
1
1
1
1
1
1
1
1
1
1
1
1
1
1
1
1
1
1
1
1
1
1
1
1
1
1
1
1
1
1
1
1
1
1
1
1
1
1
1
1
1
1
1
1
1
1
1
1
1
1
1
1
1
1
1
1
1
1
1
1
1
1
1
1
1
1
1
1
1
1
1
1
1
1
1
1
1
1
1
1
1
1
1
1
1
1
1
1
1
1
1
1
1
1
1
1
1
1
1
1
1
1
1
1
1
1
1
1
1
1
1
1
1
1
1
1
1
1
1
1
1
1
1
1
1
1
1
1
1
1
1
1
1
1
1
1
1
1
1
1
1
1
1
1
1
1
1
1
1
1
1
1
1
1
1
1
1
1
1
1
1
1
1
1
1
1
1
1
1
1
1
1
1
1
1
1
1
1
1
1
1
1
1
1
1
1
1
1
1
1
1
1
1
1
1
1
1
1
1
1
1
1
1
1
1
1
1
1
1
1
1
1
1
1
1
1
1
1
1
1
1
1
1
1
1
1
1
1
1
1
1
1
1
1
1
1
1
1
1
1
1
1
1
1
1
1
1
1
1
1
1
1
1
1
1
1
1
1
1
1
1
1
1
1
1
1
1
1
1
1
1
1
1
1
1
1
1
1
1
1
1
1
1
1
1
1
1
1
1
1
1
1
1
1
1
1
1
1
1
1
1
1
1
1
1
1
1
1
1
1
1
1
1
1
1
1
1
1
1
1
1
1
1
1
1
1
1
1
1
1
1
1
1
1
1
1
1
1
1
1
1
1
1
1
1
1
1
1
1
1
1
1
1
1
1
1
1
1
1
1
1
1
1
1
1
1
1
1
1
1
1
1
1
1
1
1
1
1
1
1
1
1
1
1
1
1
1
1
1
1
1
1
1
1
1
1
1
1
1
1
1
1
1
1
1
1
1
1
1
1
1
1
1
1
1
1
1
1
1
1
1
1
1
1
1
1
1
1
1
1
1
1
1
1
1
1
1
1
1
1
1
1
1
1
1
1
1
1
1
1
1
1
1
1
1
1
1
1
1
1
1
1
1
1
1
1
1
1
1
1
1
1
1
1
1
1
1
1
1
1
1
1
1
1
1
1
1
1
1
1
1
1
1
1
1
1
1
1
0.9929260069
1
1
1
1
1
1
1
1
1
1
1
1
1
1
1
1
1
1
1
1
1
1
1
1
1
1
1
1
1
1
1
1
1
1
1
1
1
1
1
1
1
1
1
1
1
1
1
1
1
1
1
1
1
1
1
1
1
1
1
1
1
1
1
1
1
1
1
1
1
1
1
1
1
1
1
1
1
1
1
1
1
1
1
1
1
1
1
1
1
1
1
1
1
1
1
1
1
1
1
1
1
1
1
1
1
1
1
1
1
1
1
1
1
1
1
1
1
1
1
1
1
1
1
1
1
1
1
1
1
1
1
1
1
1
1
1
1
1
1
1
1
1
1
1
1
1
1
1
1
1
1
1
1
1
1
1
1
1
1
1
1
1
1
1
1
1
1
1
1
1
1
1
1
1
1
1
1
1
1
1
1
1
1
1
1
1
1
1
1
1
1
1
1
1
1
1
1
1
1
1
1
1
1
1
1
1
1
1
1
1
1
1
1
1
1
1
1
1
1
1
1
1
1
1
1
1
1
1
1
1
1
1
1
1
1
1
1
1
1
1
1
1
1
1
1
1
1
1
1
1
1
1
1
1
1
1
1
1
1
1
1
1
1
1
1
1
1
1
1
1
1
1
1
1
1
1
1
1
1
1
1
1
1
1
1
1
1
1
1
1
1
1
1
1
1
1
1
1
1
1
1
1
1
1
1
1
1
1
1
1
1
1
1
1
1
1
1
1
1
1
1
1
1
1
1
1
1
1
1
1
1
1
1
1
1
1
1
1
1
1
1
1
1
1
1
1
1
1
1
1
1
1
1
1
1
1
1
1
1
1
1
1
1
1
1
1
1
1
1
1
1
1
1
1
1
1
1
1
1
1
1
1
1
1
1
1
1
1
1
1
1
1
1
1
1
1
1
1
1
1
1
1
1
1
1
1
1
1
1
1
1
1
1
1
1
1
1
1
1
1
1
1
1
1
1
1
1
1
1
1
1
1
1
1
1
1
1
1
1
1
1
1
1
1
1
1
1
1
1
1
1
1
1
1
1
1
1
1
1
1
1
1
1
1
1
1
1
1
1
1
1
1
1
1
1
1
1
1
1
1
1
1
1
1
1
1
1
1
1
1
1
1
1
1
1
1
1
1
1
1
1
1
1
1
1
1
1
1
1
1
1
1
1
1
1
1
1
1
1
1
1
1
1
1
1
1
1
1
1
1
1
1
1
1
1
1
1
1
1
1
1
1
1
1
1
1
1
1
1
1
1
1
1
1
1
1
1
1
1
1
1
1
1
1
1
1
1
1
1
1
1
1
1
1
1
1
1
1
1
1
1
1
1
1
1
1
1
1
1
1
1
1
1
1
1
1
1
1
1
1
1
1
1
1
1
1
1
1
1
1
1
1
1
1
1
1
1
1
1
1
1
1
1
1
1
1
1
1
1
1
1
1
1
1
1
1
1
1
1
1
1
1
1
1
1
1
1
1
1
1
1
1
1
1
1
1
1
1
1
1
1
1
1
1
1
1
1
1
1
1
1
1
1
1
1
1
1
1
1
1
1
1
1
1
1
1
1
1
1
1
1
1
1
1
1
1
1
1
1
1
1
1
1
1
1
1
1
1
1
1
1
1
1
1
1
1
1
1
1
1
1
1
1
1
0.9827039088
0.9987490506
0.9997177177
1
1
1
1
1
0.9734847317
0.9952504528
1
1
1
1
1
1
1
1
1
1
1
1
1
1
1
1
1
1
1
1
1
1
1
1
1
1
1
1
1
1
1
1
1
1
1
1
1
1
1
1
1
1
1
1
1
1
1
1
1
1
1
1
1
1
1
1
1
1
1
1
1
1
1
1
1
1
1
1
1
1
1
1
1
1
1
1
1
1
1
1
1
1
1
1
1
1
1
1
1
1
1
1
1
1
1
1
1
1
1
1
1
1
1
1
1
1
1
0
0
0
0
0
0
0
0
0
0
0
0
0
0
0
0
0
0
0
0
0
0
0
0
0
0
0
0
0
5.475916589e-05
0.001474801443
0
0.007539062814
0.01080693388
0.01354027938
0.0004476691934
0.01596411767
0.01534561272
0.01359024128
0.0004559085431
0.007612668661
0.004275850641
0.001522635835
0
0
0
0
0
0
0
0
0
0
0
0
0
0
0
0
0
0
0
0
0
0
0
0
0
0
0
0
0
0
0
0
0.01336187586
0.02988309393
0.05112795494
0.0208830921
0.003703614802
0.1018361551
0.1284461853
0.1542000743
0.09477263918
0.0484093636
0.1986516541
0.2155880973
0.2281761775
0.1536253468
0.09157186013
0.2385732861
0.236035027
0.2284499425
0.1538371963
0.09172571905
0.19916196
0.1785001551
0.154862647
0.0952617068
0.04873314422
0.1025371944
0.07625308033
0.05172691167
0.02124053342
0.003843102728
0.01371185901
0.003155867271
0
0
0
0
0
0
0
0
0
0
0
0
0
0
0
0
0
0
0
0
0
0
0.0133379623
0.03722969441
0.07133211959
0.04086007891
0.01797267526
0.1624784806
0.2153512853
0.2703106948
0.2047008272
0.1448924237
0.3786214187
0.4285784707
0.4739392073
0.3871891825
0.3030700578
0.5468910498
0.5731851076
0.592212451
0.4978817701
0.4035009069
0.6076675019
0.6039685579
0.5927065832
0.4983303392
0.4038961502
0.5478486294
0.5147808757
0.4752890619
0.3883845319
0.3040951574
0.3802337161
0.3269998693
0.2719937782
0.20611101
0.1460269866
0.1639806582
0.1149915406
0.07216226982
0.0416475518
0.01848002447
0.01595200129
0.002398875244
0
0
0
0
0
0
0
0
0
0
0
0
0
0.006230496557
0.02828690263
0.01437226448
0.003422852678
0.1143327009
0.1743043803
0.2362839141
0.1926176535
0.1489671566
0.3914825889
0.4704853091
0.5470753385
0.4799153915
0.4100671862
0.6846108697
0.7424646225
0.7918104336
0.7217133759
0.6438562185
0.864086247
0.8877138957
0.9038855912
0.8417177617
0.7672521641
0.9164324183
0.9135134409
0.9043619385
0.8422361779
0.7677858754
0.8650322519
0.8333118266
0.7928458519
0.7232248361
0.645424329
0.6913964648
0.6262909732
0.5539150998
0.4812676486
0.4121370234
0.4033438175
0.3278528895
0.2542749578
0.2047772361
0.1569587051
0.1240286312
0.07267272522
0.03368403963
0.01820059642
0.006857257422
0
0
0
0
0
0
0.003193481417
0.006742372487
2.775351805e-05
0.015206819
0.05210716297
0.1034385919
0.08383639908
0.06409931765
0.2466813328
0.3326117472
0.4235919448
0.3824846125
0.3377752424
0.6066074765
0.6919658423
0.7692928852
0.7278063295
0.6710179401
0.8970415075
0.9384748111
0.9702983152
0.9429279979
0.9020469214
0.9985380637
1
1
0.9986680372
0.9835278197
1
1
1
0.9987350652
0.983774632
0.9987443822
0.9902214342
0.9711268442
0.9443059935
0.9062673952
0.8999686024
0.8467544259
0.7816230021
0.7341741752
0.6792026446
0.6220300335
0.5323600351
0.4401406528
0.3980576641
0.3522795329
0.2617378822
0.1825502213
0.1097141036
0.09362436101
0.07251658386
0.007271750491
0
0
0.0002200224069
0
0.001045168974
0.01793118731
0.02032935949
0.01074252608
0.0486785094
0.1010490335
0.1695184863
0.1545205983
0.1367827368
0.3426688856
0.4401525238
0.5396620704
0.5135875076
0.4916683248
0.7287752254
0.8109505411
0.8842476478
0.8662142837
0.8413394683
0.9776930687
0.9972000609
1
0.9999981805
0.9976567781
1
1
1
1
1
0.9481198911
0.8961087556
0.8780499719
0.8533831783
0.7538177194
0.6658424524
0.5708470648
0.5408784394
0.5048877164
0.3747290445
0.2814738733
0.1965747182
0.1782508891
0.1571569254
0.02991453447
0.00326262594
0.005205247302
0.006889173911
0.001443716583
0.003820319987
0.02674520806
0.02879235499
0.02158820789
0.06824881509
0.1285812949
0.2045584303
0.1932081101
0.1891643992
0.389830055
0.4913511063
0.5931822012
0.5796205381
0.572689806
0.7808993744
0.8589697495
0.9220476236
0.9151335135
0.9095072943
1
1
1
1
0.9809513234
0.944345313
0.9372704501
0.9293997494
0.8192112628
0.7354622084
0.6418755309
0.622743965
0.6120205574
0.440833087
0.3416495836
0.2489419721
0.2297492205
0.222721423
0.04905243875
0.01293210608
0.01452090209
0.01511007109
0.01053449957
0.006420647225
0.03302251697
0.03436387871
0.03035531849
0.07726212746
0.1406291698
0.2191028748
0.2158576447
0.2119728083
0.4076473992
0.5097784275
0.6114789519
0.6076170898
0.6029666285
0.7966919406
0.8724408296
0.9325581623
0.9305502379
0.9281050281
1
1
1
1
0.9890037831
0.9575930038
0.9565900769
0.9537461406
0.8394292049
0.7575747056
0.6649287629
0.6625822548
0.6560515239
0.4629620381
0.3621569926
0.267105693
0.2649149327
0.2588547881
0.05358884798
0.01748021586
0.01704577733
0.01565195933
0.01683640316
0.009464714634
0.03955622259
0.04133092593
0.03603000676
0.08648116497
0.1525402491
0.2332148237
0.229197253
0.2253909737
0.4243324382
0.5267242035
0.6279729989
0.6233267308
0.618892435
0.810242144
0.8836190724
0.9408829768
0.938582498
0.9363530921
1
1
1
1
0.9837162077
0.9479620085
0.9525713817
0.954697614
0.8183162654
0.7331797313
0.6450199025
0.655017294
0.6582249855
0.4440477394
0.3447246962
0.2517278625
0.2586306222
0.2608253604
0.04146395537
0.01365298957
0.01046640585
0.008284980471
0.01516613452
0.01417319566
0.04849305904
0.04953505519
0.04322962174
0.09711025024
0.1660337785
0.2490140365
0.2449732021
0.2409091611
0.4427037522
0.5452524012
0.6458779134
0.6413516961
0.6367660035
0.8246977614
0.8953820859
0.9494458934
0.9473302391
0.9451526231
1
1
1
1
0.9659013391
0.9195802528
0.9278714086
0.9371665273
0.7772148178
0.686971758
0.5888380392
0.6115103742
0.6233174236
0.3941408413
0.2985933703
0.2110249322
0.2229185926
0.2306569261
0.02258662201
0.005173847809
0.002362995504
0.001457401755
0.006989124988
0.02067235207
0.05977271681
0.06085028939
0.05204149676
0.1126139457
0.1848716711
0.268422316
0.2630612376
0.2580364669
0.4648297827
0.5673701062
0.6670613033
0.6612977431
0.6558373897
0.8414120421
0.9087402478
0.9588700447
0.9563867758
0.9539774769
1
0.9324463452
0.8740054278
0.8880035874
0.8978601752
0.7140774498
0.618889496
0.5187091391
0.5407411629
0.5623641572
0.3195273372
0.2290235429
0.1495770122
0.1658189625
0.1849087464
0.006259143878
2.5089997e-05
0
0
0.0005582344939
0.03005611208
0.07480597482
0.0776015825
0.06704876073
0.1325012052
0.209300427
0.2982716351
0.2896267728
0.2761395319
0.4973982794
0.5991851048
0.6967599335
0.6851417556
0.679515158
0.8633304212
0.9254136745
0.9697709623
0.966625998
0.964020433
1
1
1
1
1
1
1
1
0.9956370375
0.9982518283
0.9322634346
0.8741188699
0.8006626869
0.8199748085
0.8419192669
0.6195289449
0.5195668421
0.4282902183
0.4553905792
0.4768810879
0.2445767638
0.1651837905
0.09848139874
0.1117261917
0.1226201632
0
0
0
0
0
0.02187140873
0.06101482771
0.05176278333
0.07430383708
0.1287326591
0.2040426096
0.2914272132
0.3032524899
0.3100583163
0.4874471837
0.5879366983
0.6845704879
0.7003552739
0.70929764
0.8509834612
0.9142465911
0.9609482953
0.9700852453
0.9748469553
1
1
1
0.9918037467
0.9652296476
0.9739422803
0.9850282815
0.8591253445
0.7830944377
0.7027349939
0.732382175
0.7558358107
0.5170868586
0.4190847169
0.3247175871
0.348435104
0.3786136355
0.1581829524
0.09267018647
0.04315383577
0.05703499596
0.06812567268
0
0
0
0
0
0.002239741016
0.02048810607
0.01140961651
0.04146470329
0.07301207417
0.130928155
0.2020242389
0.2295265168
0.2540584833
0.3715012364
0.4630812953
0.5545694573
0.5966645232
0.6325898175
0.7242930748
0.797020788
0.8589446509
0.8963341097
0.9252156215
0.9466921947
0.9728267091
0.9888061668
0.999306378
0.9996761358
1
1
1
0.9997918351
0.997399329
0.9901011131
0.9996287369
0.9503090801
0.913947674
0.8653846274
0.9022798764
0.9306018419
0.7332517622
0.652518782
0.5650500885
0.6073249064
0.6433505602
0.3820443051
0.2932877709
0.211015385
0.2391160741
0.2641446718
0.07898524164
0.03482454575
0.008081911636
0.01375226933
0.02420868435
0
0
0
0
0
0
0
0
0.004445808746
0.01275655731
0.04033549718
0.08170190174
0.1110629341
0.1417174438
0.1973604012
0.266672492
0.3400667429
0.3983973373
0.4544625176
0.4885598916
0.5588887316
0.6239713237
0.6942662931
0.7575450862
0.7330302882
0.7754839933
0.8095851013
0.8742698181
0.9263471683
0.8537072964
0.8645458409
0.8683810599
0.9264391517
0.9686362778
0.8553370831
0.8380354292
0.8130155044
0.8774107388
0.9290431717
0.7383969985
0.6886523992
0.6311280605
0.7014668988
0.7646343976
0.4969512267
0.4235427363
0.3487452137
0.407705121
0.4642778449
0.2051236749
0.1416726826
0.08731906491
0.1176593394
0.1492080674
0.01520074674
0.001122946567
0
0
0.000545513417
0
0
0
0
0
0
0
0
0
0
0
0.003448471198
0.01451550357
0.03209188566
0.04335733828
0.07718566316
0.1178541754
0.1680191612
0.2230442272
0.2118437173
0.26126753
0.3098926752
0.3887912856
0.4690630847
0.398604829
0.4362094528
0.4680609741
0.5603904744
0.6500686735
0.5120949482
0.5235271247
0.5276418563
0.6230056545
0.7137695548
0.5137962799
0.4960293893
0.4713600097
0.5638874661
0.6536633463
0.4032482942
0.3612828258
0.3154205171
0.394920646
0.4756746057
0.2175766067
0.1689233392
0.1229393493
0.1741370902
0.2301163785
0.04687862385
0.02064562219
0.004587548099
0.01682154943
0.03554661166
0
0
0
0
0
0
0
0
0
0
0
0
0
0
0
0
0
0
0
0
0
0.0019154499
0.01502714769
0.03965839467
0.02317010749
0.04014686305
0.05956632421
0.1074986619
0.1667164839
0.1006083064
0.1199168785
0.137096066
0.2078072058
0.2885385822
0.1620604354
0.1687707706
0.1712091504
0.2496736547
0.337436562
0.1630530789
0.1527900182
0.1389177866
0.2100687349
0.2912037127
0.102934179
0.08253376979
0.06192287521
0.1107158963
0.1707652572
0.02497568645
0.01127628234
0.002548161221
0.01677078887
0.04253163591
0
0
0
0
0
0
0
0
0
0
0
0
0
0
0
0
0
0
0
0
0
0
0
0
0
0
0
0
0
0
0
0
0
0.004789536948
0
0
9.411738867e-07
0.009151824761
0.03585742819
0.000899879873
0.001402562676
0.001610109899
0.01858173072
0.05347847286
0.0009677719542
0.0003791145784
1.001799274e-05
0.009593497101
0.03675443498
0
0
0
0
0.005435370449
0
0
0
0
0
0
0
0
0
0
0
0
0
0
0
0
0
0
0
0
0
0
0
0
0
0
0
0
0
0
0
0
0
0
0
0
0
0
0
0
0
0
0
0
0
0
0
0
0
0
0
0
0
0
0
0
0
0
0
0
0
0
0
0
0
0
0
0
0
0
0
0
0
0
0
0
0
0
0
0
0
0
0
0
0
0
0
0
0
0
0
0
0
0
0
0
0
0
0
0
0
0
0
0
0
0
0
0
0
0
0
0
0
0
0
0
0
0
0
0
0
0
0
0
0
0
0
0
0
0
0
0
0
0
0
0
0
0
0
0
0
0
0
0
0
0
0
0
0
0
0
0
0
0
0
0
0
0
0
0
0
0
0
0
0
0
0
0
0
0
0
0
0
0
0
0
0
0
0
0
0
0
0
0
0
0
0
0
0
0
0
0
0
0
0
0
0
0
0
0
0
0
0
0
0
0
0
0
0
0
0
0
0
0
0
0
0
0
0
0
0
0
0
0
0
0
0
0
0
0
0
0
0
0
0
0
0
0
0
0
0
0
0
0
0
0
0
0
0
0
0
0
0
0
0
0
0
0
0
0
0
0
0
0
0
0
0
0
0
0
0
0
0
0
0
0
0
0
0
0
0
0
0
0
0
0
0
0
0
0
0
0
0
0
0
0
0
0
0
0
0
0
0
0
0
0
0
0
0
0
0
0
0
0
0
0
0
0
0
0
0
0
0
0
0
0
0
0
0
0
0
0
0
0
0
0
0
0
0
0
0
0
0
0
0
0
0
0
0
0
0
0
0
0
0
0
0
0
0
0
0
0
0
0
0
0
0
0
0
0
0
0
0
0
0
0
0
0
0
0
0
0
0
0
0
0
0
0
0
0
0
0
0
0
0
0
0
0
0
0
0
0
0
0
0
0
0
0
0
0
0
0
0
0
0
0
0
0
0
0
0
0
0
0
0
0
0
0
0
0
0
0
0
0
0
0
0
0
0
0
0
0
0
0
0
0
0
0
0
0
0
0
0
0
0
0
0
0
0
0
0
0
0
0
0
0
0
0
0
0
0
0
0
0
0
0
0
0
0
0
0
0
0
0
0
0
0
0
0
0
0
0
0
0
0
0
0
0
0
0
0
0
0
0
0
0
0
0
0
0
0
0
0
0
0
0
0
0
0
0
0
0
0
0
0
0
0
0
0
0
0
0
0
0
0
0
0
0
0
0
0
0
0
0
0
0
0
0
0
0
0
0
0
0
0
0
0
0
0
0
0
0
0
0
0
0
0
0
0
0
0
0
0
0
0
0
0
0
0
0
0
0
0
0
0
0
0
0
0
0
0
0
0
0
0
0
0
0
0
0
0
0
0
0
0
0
0
0
0
0
0
0
0
0
0
0
0
0
0
0
0
0
0
0
0
0
0
0
0
0
0
0
0
0
0
0
0
0
0
0
0
0
0
0
0
0
0
0
0
0
0
0
0
0
0
0
0
0
0
0
0
0
0
0
0
0
0
0
0
0
0
0
0
0
0
0
0
0
0
0
0
0
0
0
0
0
0
0
0
0
0
0
0
0
0
0
0
0
0
0
0
0
0
0
0
0
0
0
0
0
0
0
0
0
0
0
0
0
0
0
0
0
0
0
0
0
0
0
0
0
0
0
0
0
0
0
0
0
0
0
0
0
0
0
0
0
0
0
0
0
0
0
0
0
0
0
0
0
0
0
0
0
0
0
0
0
0
0
0
0
0
0
0
0
0
0
0
0
0
0
0
0
0
0
0
0
0
0
0
0
0
0
0
0
0
0
0
0
0
0
0
0
0
0
0
0
0
0
0
0
0
0
0
0
0
0
0
0
0
0
0
0
0
0
0
0
0
0
0
0
0
0
0
0
0
0
0
0
0
0
0
0
0
0
0
0
0
0
0
0
0
0
0
0
0
0
0
0
0
0
0
0
0
0
0
0
0
0
0
0
0
0
0
0
0
0
0
0
0
0
0
0
0
0
0
0
0
0
0
0
0
0
0
0
0
0
0
0
0
0
0
0
0
0
0
0
0
0
0
0
0
0
0
0
0
0
0
0
0
0
0
0
0
0
0
0
0
0
0
0
0
0
0
0
0
0
0
0
0
0
0
0
0
0
0
0
0
0
0
0
0
0
0
0
0
0
0
0
0
0
0
0
0
0
0
0
0
0
0
0
0
0
0
0
0
0
0
0
0
0
0
0
0
0
0
0
0
0
0
0
0
0
0
0
0
0
0
0
0
0
0
0
0
0
0
0
0
0
0
0
0
0
0
0
0
0
0
0
0
0
0
0
0
0
0
0
0
0
0
0
0
0
0
1
1
1
1
1
1
1
1
1
1
1
1
1
1
1
1
1
1
1
1
1
1
1
1
1
1
1
1
1
1
1
1
1
1
1
1
1
1
1
1
1
1
1
1
1
1
1
1
1
1
1
1
1
1
1
1
1
1
1
1
1
1
1
1
1
1
1
1
1
1
1
1
1
1
1
1
1
1
1
1
1
1
1
1
1
1
1
1
1
1
1
1
1
1
1
1
1
1
1
1
1
1
1
1
1
1
1
1
1
1
1
1
1
1
1
1
1
1
1
1
1
1
1
1
1
1
1
1
1
1
1
1
1
1
1
1
1
1
1
1
1
1
1
1
1
1
1
1
1
1
1
1
1
1
1
1
1
1
1
1
1
1
1
1
1
1
1
1
1
1
1
1
1
1
1
1
1
1
1
1
1
1
1
1
1
1
1
1
1
1
1
1
1
1
1
1
1
1
1
1
1
1
1
1
1
1
1
1
1
1
1
1
1
1
1
1
1
1
1
1
1
1
1
1
1
1
1
1
1
1
1
1
1
1
0
0
0
0
0
0
0.01688465128
0.004207516644
0.04429539472
0.01531883588
0.04439425449
0.01087385886
0.01706148406
6.580439341e-05
0
0
0
0
0
0
0
0
0
0.004008750732
0.002980688476
0.09304149441
0.07558400036
0.2244809016
0.1778995443
0.3124938286
0.2358944024
0.3128317514
0.2159894437
0.2253240695
0.1291458011
0.09390124434
0.03037634935
0.004234855909
0
0
0
0
6.180630515e-05
0.001245439325
0.1079009142
0.1137558982
0.3394995227
0.3253224714
0.5604194468
0.5136141023
0.6830894592
0.6037196788
0.6836107267
0.5739161908
0.5618993746
0.4300818815
0.3414418638
0.2169854441
0.1078795848
0.03731025139
0.0007583954412
0
0
0.0452297982
0.06494233548
0.2904542678
0.3122133154
0.6093107872
0.6190274102
0.8523665279
0.8322829038
0.9516582159
0.9132811482
0.9520493554
0.8884462156
0.8569014564
0.7484684236
0.6173861415
0.4781629911
0.3039196743
0.1854163278
0.05216737089
1.705607501e-05
0.008980595253
0.1170074886
0.1692205741
0.4602259346
0.5160686622
0.8091564561
0.8409454387
0.9886014186
0.989672832
1
1
1
1
1
1
1
1
1
1
1
1
1
1
1
0.9888546152
0.9406809681
0.8213406417
0.7060058407
0.4775844341
0.3487583289
0.1340288339
0.02197031088
0.05817334135
0.1811661665
0.2511906468
0.5594124237
0.6371567579
0.8959001443
0.9396979715
1
1
1
1
1
1
1
1
1
1
1
1
1
1
0.9159264976
0.8314630322
0.5945781857
0.4725016742
0.2115058939
0.06545092135
0.1235409513
0.2068096559
0.2928741796
0.5967319095
0.6910601135
0.9247796564
0.9675600228
1
1
1
0.9513810888
0.8897581741
0.652365853
0.542305692
0.256244062
0.09794316677
0.1665364774
0.2222754002
0.3093755867
0.6152303894
0.708473327
0.9344881468
0.9745408927
1
1
1
0.9569319504
0.9070382811
0.6633831163
0.5653383642
0.2656312023
0.1098991688
0.1818251756
0.2370479361
0.3251026623
0.6323713564
0.7238200754
0.9430333654
0.9796565349
1
1
1
1
0.9433799906
0.8934941623
0.6350663848
0.545528299
0.2405342906
0.09986175921
0.1689624283
0.2555422533
0.342550708
0.6522538442
0.7403508787
0.9516426094
0.9846420815
1
1
1
0.9115138072
0.85581129
0.5788720531
0.4869900607
0.1949930323
0.07370608411
0.1349805454
0.2776503778
0.3637615616
0.6759591262
0.7597091797
0.9618971506
0.9897125413
1
0.8572220663
0.8002917162
0.501411787
0.4175053527
0.1400902777
0.04143001323
0.08455601696
0.3053848815
0.3956715052
0.7051000397
0.7860480039
0.9736738306
0.9946581635
1
1
1
1
1
1
0.991099789
0.9733722357
0.7774013956
0.7145180786
0.4012242449
0.3333572791
0.08347221922
0.01423474446
0.04738120557
0.2748820429
0.3872257293
0.6619537394
0.7734318489
0.9463856062
0.9896626553
1
1
1
1
0.951197405
0.9205653546
0.6727562036
0.6124651461
0.2967577079
0.2365429858
0.0337622118
8.384294653e-05
0.01190760567
0.1724123842
0.2833189654
0.5068800382
0.6426402467
0.8126391754
0.9089313659
0.964647304
0.9968563508
0.9933828527
1
0.9667314542
0.9751703536
0.819469456
0.8048075962
0.5170834795
0.4737914804
0.1807029614
0.1385723093
0.003426107291
0
0
0.05492951269
0.1348344321
0.2810244292
0.4148699233
0.5482317713
0.6823486533
0.7340647431
0.8355304575
0.7965964722
0.8653471172
0.7376419562
0.7798776664
0.555189857
0.5667604611
0.2889547386
0.2750501067
0.05949419939
0.04447264058
0
0
0
0
0.01822508639
0.07447538031
0.1634009899
0.2350141353
0.3561261356
0.376364668
0.4935080394
0.4312710686
0.5243836765
0.3793811155
0.4402236471
0.2398411549
0.2669967952
0.07847116702
0.08160068578
9.49156339e-06
0
0
0
0
0
0
0
0.00998049122
0.02484135996
0.08012560214
0.07906131835
0.1513520192
0.1049993004
0.1692773494
0.08042316622
0.1220408256
0.02633298987
0.0423055883
0
0
0
0
0
0
0
0
0
0
0
0
0
0
0.0003172861003
0
0.001444609962
0
0
0
0
0
0
0
0
0
0
0
0
0
0
0
0
0
0
0
0
0
0
0
0
0
0
0
0
0
0
0
0
0
0
0
0
0
0
0
0
0
0
0
0
0
0
0
0
0
0
0
0
0
0
0
0
0
0
0
0
0
0
0
0
0
0
0
0
0
0
0
0
0
0
0
0
0
0
0
0
0
0
0
0
0
0
0
0
0
0
0
0
0
0
0
0
0
0
0
0
0
0
0
0
0
0
0
0
0
0
0
0
0
0
0
0
0
0
0
0
0
0
0
0
0
0
0
0
0
0
0
0
0
0
0
0
0
0
0
0
0
0
0
0
0
0
0
0
0
0
0
0
0
0
0
0
0
0
0
0
0
0
0
0
0
0
0
0
0
0
0
0
0
0
0
0
0
0
0
0
0
0
0
0
0
0
0
0
0
0
0
0
0
0
0
0
0
0
0
0
0
0
0
0
0
0
0
0
0
0
0
0
0
0
0
0
0
0
0
0
0
0
0
0
0
0
0
0
0
0
0
0
0
0
0
0
0
0
0
0
0
0
0
0
0
0
0
0
0
0
0
0
0
0
0
0
0
0
0
0
0
0
0
0
0
0
0
0
0
0
0
0
0
0
0
0
0
0
0
0
0
0
0
0
0
0
0
0
0
0
0
0
0
0
0
0
0
0
0
0
0
0
0
0
0
0
0
0
0
0
0
0
0
0
0
0
0
0
0
0
0
0
0
0
0
0
0
0
0
0
0
0
0
0
0
0
0
0
0
0
0
0
0
0
0
0
0
0
0
0
0
0
0
0
0
0
0
0
0
0
0
0
0
0
0
0
0
0
0
0
0
0
0
0
0
0
0
0
1
1
1
1
1
1
1
1
1
1
1
1
1
1
1
1
1
1
1
1
1
1
1
1
1
1
1
1
1
1
1
1
1
1
1
1
1
1
1
1
1
1
1
1
1
1
1
1
1
1
1
1
1
1
1
1
1
1
1
1
1
1
1
1
1
1
1
1
1
1
1
1
1
1
1
1
1
1
1
1
1
1
1
1
1
1
1
1
1
1
1
1
1
1
1
1
1
1
1
1
1
1
1
1
1
1
1
1
1
1
1
1
1
1
1
1
1
1
1
1
1
1
1
1
1
1
1
1
1
1
1
1
1
1
1
1
1
1
1
1
1
1
1
1
1
1
1
1
1
1
1
1
1
1
1
1
1
1
1
1
1
1
1
1
1
1
1
1
1
1
1
1
1
1
1
1
1
1
1
1
1
1
1
1
1
1
1
1
1
1
1
1
1
1
1
1
1
1
1
1
1
1
1
1
1
1
1
1
1
1
1
0
0
0
0
0.002827121855
0.02476836537
0.04600787893
0.05433537739
0.04734615528
0.02979960714
0.01101817573
0.000379061787
0
0
0
0
0
0
0
0
0
0
0
0
0
0
0
0
0
0
0
0
0
0
0
1
1
1
1
1
1
1
1
1
1
1
1
1
1
1
1
1
0
0
0
0
0.0007278945314
0.01463131664
0.02601619054
0.03167464406
0.03782017121
0.04514775783
0.05646587151
0.07111142451
0.06867315814
0.03078801445
0.0005274325114
0
0
0
0
0
0
0
0
0
0
0
0
0
0
0
0
0
0
0
0
1
1
1
1
1
1
1
1
1
1
1
1
1
1
1
1
1
1
1
1
1
1
1
1
1
1
1
1
1
1
1
1
1
1
1
1
1
1
1
1
1
1
1
1
1
1
1
1
1
1
1
1
1
1
1
1
1
1
1
1
1
1
1
1
1
1
1
1
1
1
1
1
1
1
1
1
1
1
1
1
1
1
1
1
1
1
1
1
1
1
1
1
1
1
1
1
1
1
1
1
1
1
1
1
1
1
1
1
1
1
1
1
1
1
1
1
1
1
1
1
1
1
1
1
1
1
1
1
1
1
1
1
1
1
1
1
1
1
1
1
1
1
1
1
1
1
1
1
1
1
1
1
1
1
1
1
1
1
1
1
1
1
1
1
1
1
1
1
1
1
1
1
1
1
1
1
1
1
1
1
1
1
1
1
1
1
1
1
1
1
1
1
1
1
1
1
1
1
1
1
1
1
1
1
1
1
1
1
1
1
1
1
1
1
1
1
1
1
1
1
1
1
1
1
1
1
1
1
1
1
1
1
1
1
1
1
1
1
1
1
1
1
1
1
1
1
1
1
1
1
1
1
1
1
1
1
1
1
1
1
1
1
1
1
1
1
1
1
1
1
1
1
1
1
1
1
1
1
1
1
1
1
1
1
1
1
1
1
1
1
1
1
1
1
1
1
1
1
1
1
1
1
1
1
1
1
1
1
1
1
1
1
1
1
1
1
1
1
1
1
1
1
1
1
1
1
1
1
1
1
1
1
1
1
1
1
1
1
1
1
1
1
1
1
1
1
1
1
1
1
1
1
1
1
1
1
1
1
1
1
1
1
1
1
1
1
1
1
1
1
1
1
1
1
1
1
1
1
1
1
1
1
1
1
1
1
1
1
1
1
1
1
1
1
1
1
1
1
1
1
1
1
1
1
1
1
1
1
1
1
1
1
1
1
1
1
1
1
1
1
1
1
1
1
1
1
1
1
1
1
1
1
1
1
1
1
1
1
1
1
1
1
1
1
1
1
1
1
1
1
1
1
1
1
1
1
1
1
1
1
1
1
1
1
1
1
1
1
1
1
1
1
1
1
1
1
1
1
1
1
1
1
1
1
1
1
1
1
1
1
1
1
1
1
1
1
1
1
1
1
1
1
1
1
1
1
1
1
1
1
1
1
1
1
1
1
1
1
1
1
1
1
1
1
1
1
1
1
1
1
1
1
1
1
1
1
1
1
1
1
1
1
1
1
1
1
1
1
1
1
1
1
1
1
1
1
1
1
1
1
1
1
1
1
1
1
1
1
1
1
1
1
1
1
1
1
1
1
1
1
1
1
1
1
1
1
1
1
1
1
1
1
1
1
1
1
1
1
1
1
1
1
1
1
1
1
1
1
1
1
1
1
1
1
1
1
1
1
1
1
1
1
1
1
1
1
1
1
1
1
1
1
1
1
1
1
1
1
1
1
1
1
1
1
1
1
1
1
1
1
1
1
1
1
1
1
1
1
1
1
1
1
1
1
1
1
1
1
1
1
1
1
1
1
1
1
1
1
1
1
1
1
1
1
1
1
1
1
1
1
1
1
1
1
1
1
1
1
1
1
1
1
1
1
1
1
1
1
1
1
1
1
1
1
1
1
1
1
1
1
1
1
1
1
1
1
1
1
1
1
1
1
1
1
1
1
1
1
1
1
1
1
1
1
1
1
1
1
1
1
1
1
1
1
1
1
1
1
1
1
1
1
1
1
1
1
1
1
1
1
1
1
1
1
1
1
1
1
1
1
1
1
1
1
1
1
1
1
1
1
1
1
1
1
1
1
1
1
1
1
1
1
1
1
1
1
1
1
1
1
1
1
1
1
1
1
1
1
1
1
1
1
1
1
1
1
1
1
1
1
1
1
1
1
1
1
1
1
1
1
1
1
1
1
1
1
1
1
1
1
1
1
1
1
1
1
1
1
1
1
1
1
1
1
1
1
1
1
1
1
1
1
1
1
1
1
1
1
1
1
1
1
1
1
1
1
1
1
1
1
1
1
1
1
1
1
1
1
1
1
1
1
1
1
1
1
1
1
1
1
1
1
1
1
1
1
1
1
1
1
1
1
1
1
1
1
1
1
1
1
1
1
1
1
1
1
1
1
1
1
1
1
1
1
1
1
1
1
1
1
1
1
1
1
1
1
1
1
1
1
1
1
1
1
1
1
1
1
1
1
1
1
1
1
1
1
1
1
1
1
1
1
1
1
1
1
1
1
1
1
1
1
1
1
1
1
1
1
1
1
1
1
1
1
1
1
1
1
1
1
1
1
1
1
1
1
1
1
1
1
1
1
1
1
1
1
1
1
1
1
1
1
1
1
1
1
1
1
1
1
1
1
1
1
1
1
1
1
1
1
1
1
1
1
1
1
1
1
1
1
1
1
1
1
1
1
1
1
1
1
1
1
1
1
1
1
1
1
1
1
1
1
1
1
1
1
1
1
1
1
1
1
1
1
1
1
1
1
1
1
1
1
1
1
1
1
1
1
1
1
1
1
1
1
1
1
1
1
1
1
1
1
1
1
1
1
0
0
0
0
0
0
0
0
0
0
0
0
0
0
0
0
0
0
0
0
0
0
0
0
0
0
0
0
0
0
0
0
0
0
0
0
0
0
0
0
0
0
0
0
0
0
0
0
0
0
0
0
0
0
0
0
0
0
0
0
0
0
0
0
0
0
0
0
0
0
0
0
0
0
0
0
0
0
0
0
0
0
0
0
0
0
0
0
0
0
0
0
0
0
0
0
0
0
0
0
0
0
0
0
0
0
0
0
0
0
0
0
0
0
0
0
0
0
0
8.457315501e-05
0
0
0.0009473554881
0.0008053057605
0
0
0
0
0
0
0
0
0
0
0
0
0
0
0
0
0
0
0
0
0
0
0
0
0
0
0
0
0
0
0
0
0
0
0
0
0
0
0
0
0
0
0
0
0
0
0
0
0
0
0
0
0
0
0
0
0
0
0
0
0
0.001367809116
0.008579461239
0.0001121579541
0.02230007065
0.05545982609
0.07511834466
0.03496041018
0.07366641298
0.1297762935
0.1434006336
0.08383409989
0.09805405343
0.1621173313
0.1600320648
0.09645002094
0.07393920917
0.1301648878
0.1137316682
0.06189552962
0.02258464514
0.05594346468
0.03737642894
0.01171018262
0
0.001473042257
0
0
0
0
0
0
0
0
0
0
0
0
0
0
0
0
0
0
0
0
0
0
0
0
0
0
0
0
0
0
0
0
0
0
0
0
0
0
0
0
0
0
0
0
0
0
0.002874174587
0.01674109372
0.003964692826
0.07064775753
0.1130951868
0.1574396206
0.105953522
0.226618162
0.3004694268
0.3456482907
0.2661881579
0.3642678143
0.4550429692
0.479827231
0.3869052001
0.4170946795
0.5126123964
0.5090695396
0.413809554
0.3650196365
0.4559055539
0.4249695415
0.3369582872
0.2277833306
0.3018628031
0.2543752506
0.1868297536
0.07155879232
0.1143097792
0.07461474105
0.0414623444
0
0.002905818377
0
0
0
0
0
0
0
0
0
0
0
0
0
0
0
0
0
0
0
0
0
0
0
0
0
0
0
0
0
0
0
0
0
0
0
0
0
0
0
0.00103918739
0
0.05265279687
0.07815425585
0.1305841856
0.0959463846
0.2745621098
0.3334648434
0.40721085
0.34225922
0.5376296852
0.6136874861
0.6714598102
0.5940134575
0.7211808911
0.797797953
0.8236278274
0.7481131295
0.7825892034
0.8560401296
0.8526734573
0.7789583737
0.7222500249
0.7988624536
0.7651795824
0.6876998371
0.5395518318
0.6153194646
0.5510672749
0.4778519647
0.2746241993
0.3406558444
0.2712336982
0.2155927676
0.06083083251
0.09084086375
0.04828082188
0.02760646982
0
0
0
0
0
0
0
0
0
0
0
0
0
0
0
0
0
0
0
0
0
0
0
0
0
0
0
0
0
0
0
0
0
0
0
0.004563466741
0.01037695553
0.03878103412
0.02607353833
0.1818810698
0.2151757193
0.295913396
0.2565417417
0.5073008584
0.5597519568
0.6440430204
0.5897098075
0.8083331074
0.8550845426
0.9051048022
0.8582022367
0.9587546897
0.9852865313
0.9946722943
0.9742598446
0.9897408058
0.9999691042
0.9998317731
0.9883903363
0.9607841428
0.9866456888
0.9703814874
0.9381488574
0.8100847799
0.8580504103
0.801366264
0.7474009454
0.5217159272
0.5746290757
0.4870210171
0.4370835147
0.1944281853
0.229054765
0.1555978907
0.1275462627
0.007167558522
0.01230856319
0.0002975979556
0
0
0
0
0
0
0
0
0
0
0
0
0
0
0
0
0
0
0
0
0
0
0
0
0
0
0
0
0
0.0003950220861
1.078073277e-05
0
0.03256820296
0.04110286046
0.08972658204
0.07655914639
0.2950943045
0.321109856
0.4160063973
0.3943459475
0.681509422
0.7089124076
0.7934875723
0.7667510228
0.9495517083
0.966656023
0.9917351957
0.9819398879
1
1
1
1
1
1
1
1
1
1
1
1
1
1
1
1
0.9561320533
0.9724231976
0.9334326152
0.9122021049
0.6977300977
0.7229635385
0.6348864858
0.6060892823
0.3194604124
0.3493384885
0.2593852851
0.2336514213
0.04432790441
0.05539817021
0.01890831914
0.01286702387
0
0
0
0
0
0
0
0
0
0
0
0
0
0
0
0
0
0
0
0
0
0
0
0
0
0
0
0
0.003558269984
0.002027829965
0.001658974102
0.0590276758
0.06120822315
0.1192291926
0.1161056881
0.3703982427
0.376116935
0.477408043
0.4709799309
0.7628140715
0.7697894887
0.8497924725
0.8432919851
0.9892985564
0.9917303738
1
0.9999883179
1
1
1
1
1
1
1
1
0.995089971
0.9975004458
0.9772334588
0.9716597386
0.794877723
0.8052641204
0.7185974217
0.7078105186
0.410312516
0.4197529956
0.3210319594
0.3126808648
0.08035457465
0.0907413848
0.04122679804
0.03393873453
0
0
0
0
0
0
0
0
0
0
0
0
0
0
0
0
0
0
0
0
0
0
0
0
0
0
0
0
0.005840808002
0.00527549363
0.004628168144
0.0727075809
0.07518069671
0.1379086589
0.1346629823
0.3991164662
0.4037714184
0.5058276186
0.5010751105
0.7896156516
0.7934876732
0.8697793121
0.8665513753
0.9955739862
0.9961842695
1
1
1
1
1
1
1
1
1
1
0.9998543596
0.9999727501
0.9884831093
0.9869724692
0.832498953
0.8376064317
0.7554410063
0.7494958953
0.4536394569
0.4604836225
0.3597714791
0.353167471
0.1041008095
0.1083519131
0.0532170059
0.05016361183
0
0
0
0
0
0
0
0
0
0
0
0
0
0
0
0
0
0
0
0
0
0
0
0
0
0
0
0
0.008615833625
0.007767665564
0.007012698922
0.08133526743
0.08382771553
0.1491346309
0.1459201273
0.4151164964
0.4196085364
0.5219407071
0.5173805762
0.8028127247
0.806449353
0.8805054207
0.8775083581
0.9974862689
0.9979268799
1
1
1
1
1
1
1
1
1
1
1
0.9999030647
0.9997276993
0.9861685261
0.9874796725
0.8341753564
0.831150058
0.7482956173
0.7514870682
0.4558926468
0.4530246116
0.3527735158
0.3553402481
0.1054880593
0.1041318172
0.05022950865
0.05114896079
0
0
0
0
0
0
0
0
0
0
0
0
0
0
0
0
0
0
0
0
0
0
0
0
0
0
0
0
0.01233940326
0.01133071889
0.01035512059
0.09161712437
0.09436006293
0.1625668443
0.1590920762
0.4333178337
0.4380344459
0.5405556835
0.5358045039
0.8173758859
0.8210709631
0.8924469174
0.889445643
0.9990108693
0.9992925504
1
1
1
1
1
1
1
1
1
1
1
0.997392151
0.9953761048
0.9714195516
0.9770636858
0.8054748227
0.7897791542
0.7071148233
0.7190052153
0.4205414309
0.4101916203
0.3127177062
0.32186329
0.08516779702
0.08061272093
0.0341190628
0.03703333511
0
0
0
0
0
0
0
0
0
0
0
0
0
0
0
0
0
0
0
0
0
0
0
0
0
0
0
0
0.01880778326
0.01612844371
0.01472298059
0.1033215222
0.1068235686
0.1781668859
0.1738126473
0.4530508024
0.4587657949
0.5613300448
0.5556209181
0.8326122624
0.8369089153
0.9051705411
0.9017432837
0.9998761128
0.999972349
1
1
1
1
1
1
1
1
1
1
1
0.9851123837
0.9793429333
0.9408471707
0.9508165233
0.7452761054
0.7336774273
0.6401217233
0.6597796772
0.3630180589
0.3403909936
0.2479738488
0.2693512383
0.05722540904
0.04998605385
0.01545345631
0.01944738025
0
0
0
0
0
0
0
0
0
0
0
0
0
0
0
0
0
0
0
0
0
0
0
0
0
0
0
0
0.02772215846
0.02527557244
0.02163304058
0.1180682739
0.1268251401
0.2020738095
0.1908546909
0.4780558656
0.4865824652
0.5877606628
0.5804855007
0.85101945
0.8528685375
0.9201774478
0.9162809146
1
1
1
1
1
1
1
1
1
1
1
1
1
1
1
1
1
1
1
1
0.9552560019
0.9416731388
0.8853084769
0.9065484772
0.6737699572
0.6502419412
0.5542399647
0.5770887038
0.2824577415
0.2655620847
0.1824279663
0.1964334945
0.0236481911
0.01922787103
0.001451215789
0.002772029295
0
0
0
0
0
0
0
0
0
0
0
0
0
0
0
0
0
0
0
0
0
0
0
0
0
0
0
0
0.02640960589
0.02984415865
0.03189011279
0.1410920148
0.1365507779
0.2139553081
0.2196831007
0.5106008685
0.5021802751
0.6034754655
0.6123218895
0.8730945719
0.8651890024
0.9264159858
0.9330548716
1
1
1
1
1
1
1
1
1
1
1
1
1
1
1
1
1
1
0.9961758118
0.9992092266
0.9019380135
0.8826808104
0.8144429135
0.8359644162
0.5678072141
0.5454799332
0.4461162738
0.4764479232
0.2005894535
0.174830579
0.1115350234
0.1270704795
0.003961308465
0.00178979972
0
0
0
0
0
0
0
0
0
0
0
0
0
0
0
0
0
0
0
0
0
0
0
0
0
0
0
0
0
0
0.006170745719
0.0111956838
0.01663148984
0.1046679844
0.08944988769
0.1530423816
0.1730656122
0.4400066246
0.4080880208
0.5029622967
0.5373932861
0.8022067345
0.7669572722
0.8378089755
0.8706329979
0.9891980131
0.9728663696
0.9915290838
0.9994050871
1
1
1
1
1
1
1
1
1
0.9910841689
0.9756676747
0.9457657097
0.9684015537
0.8108177528
0.7757749013
0.6956121723
0.7318109128
0.4513216554
0.4190639638
0.3262100631
0.3551974633
0.1118778164
0.09609149441
0.04616922148
0.06274026608
0
0
0
0
0
0
0
0
0
0
0
0
0
0
0
0
0
0
0
0
0
0
0
0
0
0
0
0
0
0
0
0
0
0
0.0001515913487
0.03983902289
0.02501785159
0.06116088275
0.08396029842
0.2877208033
0.2427048526
0.3189891952
0.3700464086
0.6178098072
0.5554328306
0.6281158911
0.6916227931
0.8612498719
0.8020347434
0.8425531444
0.8984042223
0.9589813148
0.9137983161
0.9231647843
0.9661835301
0.9600884887
0.9152168669
0.8999919815
0.9479410943
0.8660686839
0.8072105771
0.7587302953
0.8202683529
0.6267442777
0.564165055
0.4872542861
0.5474912409
0.2970874509
0.2513219739
0.1802192551
0.2191949296
0.04419905863
0.02845150895
0.005992413767
0.01385615871
0
0
0
0
0
0
0
0
0
0
0
0
0
0
0
0
0
0
0
0
0
0
0
0
0
0
0
0
0
0
0
0
0
0
0
0.0001462925288
0
0.001585058778
0.009365172356
0.1116667013
0.07453903859
0.1181121306
0.1645053156
0.3479585161
0.2782519739
0.3344245311
0.4099524252
0.5726528665
0.485985118
0.5264532396
0.6149737212
0.6974025508
0.6067795248
0.6187191218
0.709455939
0.6992026613
0.6085591509
0.5899274257
0.6802970992
0.5779299164
0.4910055018
0.4453942237
0.5297171657
0.355258381
0.28482009
0.2285736812
0.2922656481
0.1174439002
0.07921279674
0.0429685839
0.07155173951
0.0004857143303
0
0
0
0
0
0
0
0
0
0
0
0
0
0
0
0
0
0
0
0
0
0
0
0
0
0
0
0
0
0
0
0
0
0
0
0
0
0
0
0
0
0
0.004821745435
0
0.003736458071
0.01851168555
0.09797992085
0.05476859845
0.08025309501
0.1318533026
0.2335787878
0.1617500785
0.1863149356
0.2630612758
0.3245199194
0.2385396808
0.2467123793
0.3340070261
0.3259279496
0.2397508499
0.2271900672
0.3112896999
0.2371839487
0.1647351122
0.1382670567
0.2049730531
0.1018174864
0.05759448947
0.03489751327
0.07014855265
0.005983341508
1.679242268e-05
0
6.448461232e-05
0
0
0
0
0
0
0
0
0
0
0
0
0
0
0
0
0
0
0
0
0
0
0
0
0
0
0
0
0
0
0
0
0
0
0
0
0
0
0
0
0
0
0
0
0
0
0
0
0
0
0.0007851772156
0.01920888741
0.002166397188
0.005389994442
0.02768432027
0.04859281191
0.01582803158
0.01783305429
0.05216580291
0.04911763437
0.0161194074
0.01319822665
0.04375649622
0.0201843141
0.002490291034
0.0003640926371
0.01213287238
0
0
0
0
0
0
0
0
0
0
0
0
0
0
0
0
0
0
0
0
0
0
0
0
0
0
0
0
0
0
0
0
0
0
0
0
0
0
0
0
0
0
0
0
0
0
0
0
0
0
0
0
0
0
0
0
0
0
0
0
0
0
0
0
0
0
0
0
0
0
0
0
0
0
0
0
0
0
0
0
0
0
0
0
0
0
0
0
0
0
0
0
0
0
0
0
0
0
0
0
0
0
0
0
0
0
0
0
0
0
0
0
0
0
0
0
0
0
0
0
0
0
0
0
0
0
0
0
0
0
0
0
0
0
0
0
0
0
0
0
0
0
0
0
0
0
0
0
0
0
0
0
0
0
0
0
0
0
0
0
0
0
0
0
0
0
0
0
0
0
0
0
0
0
0
0
0
0
0
0
0
0
0
0
0
0
0
0
0
0
0
0
0
0
0
0
0
0
0
0
0
0
0
0
0
0
0
0
0
0
0
0
0
0
0
0
0
0
0
0
0
0
0
0
0
0
0
0
0
0
0
0
0
0
0
0
0
0
0
0
0
0
0
0
0
0
0
0
0
0
0
0
0
0
0
0
0
0
0
0
0
0
0
0
0
0
0
0
0
0
0
0
0
0
0
0
0
0
0
0
0
0
0
0
0
0
0
0
0
0
0
0
0
0
0
0
0
0
0
0
0
0
0
0
0
0
0
0
0
0
0
0
0
0
0
0
0
0
0
0
0
0
0
0
0
0
0
0
0
0
0
0
0
0
0
0
0
0
0
0
0
0
0
0
0
0
0
0
0
0
0
0
0
0
0
0
0
0
0
0
0
0
0
0
0
0
0
0
0
0
0
0
0
0
0
0
0
0
0
0
0
0
0
0
0
0
0
0
0
0
0
0
0
0
0
0
0
0
0
0
0
0
0
0
0
0
0
0
0
0
0
0
0
0
0
0
0
0
0
0
0
0
0
0
0
0
0
0
0
0
0
0
0
0
0
0
0
0
0
0
0
0
0
0
0
0
0
0
0
0
0
0
0
0
0
0
0
0
0
0
0
0
0
0
0
0
0
0
0
0
0
0
0
0
0
0
0
0
0
0
0
0
0
0
0
0
0
0
0
0
0
0
0
0
0
0
0
0
0
0
0
0
0
0
0
0
0
0
0
0
0
0
0
0
0
0
0
0
0
0
0
0
0
0
0
0
0
0
0
0
0
0
0
0
0
0
0
0
0
0
0
0
0
0
0
0
0
0
0
0
0
0
0
0
0
0
0
0
0
0
0
0
0
0
0
0
0
0
0
0
0
0
0
0
0
0
0
0
0
0
0
0
0
0
0
0
0
0
0
0
0
0
0
0
0
0
0
0
0
0
0
0
0
0
0
0
0
0
0
0
0
0
0
0
0
0
0
0
0
0
0
0
0
0
0
0
0
0
0
0
0
0
0
0
0
0
0
0
0
0
0
0
0
0
0
0
0
0
0
0
0
0
0
0
0
0
0
0
0
0
0
0
0
0
0
0
0
0
0
0
0
0
0
0
0
0
0
0
0
0
0
0
0
0
0
0
0
0
0
0
0
0
0
0
0
0
0
0
0
0
0
0
0
0
0
0
0
0
0
0
0
0
0
0
0
0
0
0
0
0
0
0
0
0
0
0
0
0
0
0
0
0
0
0
0
0
0
0
0
0
0
0
0
0
0
0
0
0
0
0
0
0
0
0
0
0
0
0
0
0
0
0
0
0
0
0
0
0
0
0
0
0
0
0
0
0
0
0
0
0
0
0
0
0
0
0
0
0
0
0
0
0
0
0
0
0
0
0
0
0
0
0
0
0
0
0
0
0
0
0
0
0
0
0
0
0
0
0
0
0
0
0
0
0
0
0
0
0
0
0
0
0
0
0
0
0
0
0
0
0
0
0
0
0
0
0
0
0
0
0
0
0
0
0
0
0
0
0
0
0
0
0
0
0
0
0
0
0
0
0
0
0
0
0
0
0
0
0
0
0
0
0
0
0
0
0
0
0
0
0
0
0
0
0
0
0
0
0
0
0
0
0
0
0
0
0
0
0
0
0
0
0
0
0
0
0
0
0
0
0
0
0
0
0
0
0
0
0
0
0
0
0
0
0
0
0
0
0
0
0
0
0
0
0
0
0
0
0
0
0
0
0
0
0
0
0
0
0
0
0
0
0
0
0
0
0
0
0
0
0
0
0
0
0
0
0
0
0
0
0
0
0
0
0
0
0
0
0
0
0
0
0
0
0
0
0
0
0
0
0
0
0
0
0
0
0
0
0
0
0
0
0
0
0
0
0
0
0
0
0
0
0
0
0
0
0
0
0
0
0
0
0
0
0
0
0
0
0
0
0
0
0
0
0
0
0
0
0
0
0
0
0
0
0
0
0
0
0
0
0
0
0
0
0
0
0
0
0
0
0
0
0
0
0
0
0
0
0
0
0
0
0
0
0
0
0
0
0
0
0
0
0
0
0
0
0
0
0
0
0
0
0
0
0
0
0
0
0
0
0
0
0
0
0
0
0
0
0
0
0
0
0
0
0
0
0
0
0
0
0
0
0
0
0
0
0
0
0
0
0
0
0
0
0
0
0
0
0
0
0
0
0
0
0
0
0
0
0
0
0
0
0
0
0
0
0
0
0
0
0
0
0
0
0
0
0
0
0
0
0
0
0
0
0
0
0
0
0
0
0
0
0
0
0
0
0
0
0
0
0
0
0
0
0
0
0
0
0
0
0
0
0
0
0
0
0
0
0
0
0
0
0
0
0
0
0
0
0
0
0
0
0
0
0
0
0
0
0
0
0
0
0
0
0
0
0
0
0
0
0
0
0
0
0
0
0
0
0
0
0
0
0
0
0
0
0
0
0
0
0
0
0
0
0
0
0
0
0
0
0
0
0
0
0
0
0
0
0
0
0
0
0
0
0
0
0
0
0
0
0
0
0
0
0
0
1
1
1
1
1
1
1
1
1
1
1
1
1
1
1
1
1
1
1
1
1
1
1
1
1
1
1
1
1
1
1
1
1
1
1
1
1
1
1
1
1
1
1
1
1
1
1
1
1
1
1
1
1
1
1
1
1
1
1
1
1
1
1
1
1
1
1
1
1
1
1
1
1
1
1
1
0.9996303968
1
1
1
1
1
0.9970914733
1
1
1
1
1
1
1
1
1
1
1
1
1
0.9999805816
1
1
1
1
0.9986981969
1
1
1
1
1
1
1
1
1
1
1
1
1
1
1
1
1
1
1
1
1
1
1
1
1
1
1
0.9986236651
1
1
1
1
0.9996667039
1
1
1
1
1
1
1
1
1
1
1
1
1
1
1
1
1
1
1
1
1
1
1
1
1
1
1
1
1
1
1
1
1
1
1
1
1
1
1
1
1
1
1
1
1
1
1
1
1
1
1
1
1
1
1
1
1
1
1
1
1
1
1
1
1
1
1
1
1
1
1
1
1
1
1
1
1
1
1
1
1
1
1
1
1
1
1
1
1
1
1
1
1
1
1
1
1
1
1
1
1
1
1
1
1
1
1
1
1
1
1
1
1
1
1
1
1
1
1
1
1
1
1
1
1
1
1
1
1
1
1
1
1
1
1
1
1
1
1
1
1
1
1
1
1
1
1
1
1
1
1
1
1
1
1
1
1
1
1
1
1
1
1
1
1
1
1
1
1
1
1
1
1
1
1
1
1
1
1
1
1
1
1
1
1
1
1
1
1
1
1
1
1
1
1
1
1
1
1
1
1
1
1
1
1
1
1
1
1
1
1
1
1
1
1
1
1
1
1
1
1
1
1
1
1
1
1
1
1
1
1
1
1
1
1
1
1
1
1
1
1
1
1
1
1
1
1
1
1
1
1
1
0.9946891388
1
1
1
1
1
1
1
1
1
1
1
1
1
1
1
1
1
1
1
1
1
1
1
1
1
1
1
1
1
0.9895131454
0.9999817488
0.9995381373
1
1
1
1
1
1
1
1
1
1
1
1
1
1
1
1
1
1
1
1
1
1
1
1
1
1
1
1
1
1
1
1
1
1
1
1
1
1
1
1
1
1
1
1
1
1
1
1
1
1
1
1
1
1
1
1
1
1
1
1
1
1
1
1
1
1
1
1
1
1
1
1
1
1
1
1
1
1
1
1
1
1
1
1
1
1
1
1
1
1
1
1
1
1
1
1
1
1
1
1
1
1
1
1
1
1
1
1
1
1
1
1
1
1
1
1
1
1
1
1
1
1
1
1
1
1
1
1
1
1
1
1
1
1
1
1
1
1
1
1
1
1
1
1
1
1
1
1
1
1
1
1
1
1
1
1
1
1
1
1
1
1
1
1
1
1
1
1
1
1
1
1
1
1
1
1
1
1
1
1
1
1
1
1
1
1
1
1
1
1
1
1
1
1
1
1
1
1
1
1
1
1
1
1
1
1
1
1
1
1
1
1
1
1
1
1
1
1
1
1
1
1
1
1
1
1
1
1
1
1
1
1
1
1
1
1
1
1
1
1
1
1
1
1
1
1
1
1
1
1
1
1
1
1
1
1
1
1
1
1
1
1
1
1
1
1
1
1
1
1
1
1
1
1
1
1
1
1
1
1
1
1
1
1
1
1
1
1
1
1
1
1
1
1
1
1
1
1
1
1
1
1
1
1
1
1
1
1
1
1
1
1
1
1
1
1
1
1
1
1
1
1
1
1
1
1
1
1
1
1
1
1
1
1
1
1
1
1
1
1
1
1
1
1
1
1
1
1
1
1
1
1
1
1
1
1
1
1
1
1
1
1
1
1
1
1
1
1
1
1
1
1
1
1
1
1
1
1
1
1
1
1
1
1
1
1
1
1
1
1
1
1
1
1
1
1
1
1
1
1
1
1
1
1
1
1
1
1
1
1
1
1
1
1
1
1
1
1
1
1
1
1
1
1
1
0.9974502645
1
1
1
1
1
1
1
1
1
1
1
1
1
1
1
1
1
1
0.9983814012
1
0.9997591649
1
1
1
1
1
1
1
1
1
1
1
1
1
1
1
1
1
1
1
1
1
1
1
1
1
1
1
1
1
1
1
1
1
1
1
1
1
1
1
1
1
1
1
1
1
1
1
1
1
1
1
1
1
1
1
1
1
1
1
1
1
1
1
1
1
1
1
1
1
1
1
1
1
1
1
1
1
1
1
1
1
1
1
1
1
1
1
1
1
1
1
1
1
1
1
1
1
1
1
1
1
1
1
1
1
1
1
1
1
1
1
1
1
1
1
1
1
1
1
1
1
1
1
1
1
1
1
1
1
1
1
1
1
1
1
1
1
1
1
1
1
1
1
1
1
1
1
1
1
1
1
1
1
1
1
1
1
1
1
1
1
1
1
1
1
1
1
1
1
1
1
1
1
1
1
1
1
1
1
1
1
1
1
1
1
1
1
1
1
1
1
1
1
1
1
1
1
1
1
1
1
1
1
1
1
1
1
1
1
1
1
1
1
1
1
1
1
1
1
1
1
1
1
1
1
1
1
1
1
1
1
1
1
1
1
1
1
1
1
1
1
1
1
1
1
1
1
1
1
1
1
1
1
1
1
1
1
1
1
1
1
1
1
1
1
1
1
1
1
1
1
1
1
1
1
1
1
1
1
1
1
1
1
1
1
1
1
1
1
1
1
1
1
1
1
1
1
1
1
1
1
1
1
1
1
1
1
1
1
1
1
1
1
1
1
1
1
1
1
1
1
1
1
1
1
1
1
1
1
1
1
1
1
1
1
1
1
1
1
1
1
1
1
1
1
1
1
1
1
1
1
1
1
1
1
1
1
1
1
1
1
1
1
1
1
1
1
1
1
1
1
1
1
1
1
1
1
1
1
1
1
1
1
1
1
1
1
1
1
1
1
1
1
1
1
1
1
1
1
1
1
1
1
1
1
1
1
1
1
1
1
1
1
1
1
1
1
1
1
1
1
1
1
1
1
1
1
1
1
1
1
1
1
1
1
1
1
1
1
1
1
1
1
1
1
1
1
1
1
1
1
1
1
1
1
1
1
1
1
1
1
1
1
1
1
1
1
1
1
1
1
1
1
1
1
1
1
1
1
1
1
1
1
1
1
1
1
1
1
1
1
1
1
1
1
1
1
1
1
1
1
1
1
1
1
1
1
1
1
1
1
1
1
1
1
1
1
1
1
1
1
1
1
1
1
1
1
1
1
1
1
1
1
1
1
1
1
1
1
1
1
1
1
1
1
1
1
1
1
1
1
1
1
1
1
1
1
1
1
1
1
1
1
1
1
1
1
1
1
1
1
1
1
1
1
1
1
1
1
1
1
1
1
1
1
1
1
1
1
1
1
1
1
1
1
1
1
1
1
1
1
1
1
1
1
1
1
1
1
1
1
1
1
1
1
1
1
1
1
1
1
1
1
1
1
1
1
1
1
1
1
1
1
1
1
1
1
1
1
1
1
1
1
1
1
1
1
1
1
1
1
1
1
1
1
1
1
1
1
1
1
1
1
1
1
1
1
1
1
1
1
1
1
1
1
1
1
1
1
1
1
1
1
1
1
1
1
1
1
1
1
1
1
1
1
1
1
1
1
1
1
1
1
1
1
1
1
1
1
1
1
1
1
1
1
1
1
1
1
1
1
1
1
1
1
1
1
1
1
1
1
1
1
1
1
1
1
1
1
1
1
1
1
1
1
1
1
1
1
1
1
1
1
1
1
1
1
1
1
1
1
1
1
1
1
1
1
1
1
1
1
1
1
1
1
1
1
1
1
1
1
1
1
1
1
1
1
1
1
1
1
1
1
1
1
1
1
1
1
1
1
1
1
1
1
1
1
1
1
1
1
1
1
1
1
1
1
1
1
1
1
1
1
1
1
1
1
1
1
1
1
1
1
1
1
1
1
1
1
1
1
1
1
1
1
1
1
1
1
1
1
1
1
1
1
1
1
1
1
1
1
1
1
1
1
1
1
1
1
1
1
1
1
1
1
1
1
1
1
1
1
1
1
1
1
1
1
1
1
1
1
1
1
1
1
1
1
1
1
1
1
1
1
1
1
1
1
1
1
1
1
1
1
1
1
1
1
1
1
1
1
1
1
1
1
1
1
1
1
1
1
1
1
1
1
0.9896438895
0.9999955464
0.9846306623
0.9943926961
1
1
1
1
1
1
1
0.9655278687
0.9923866604
0.9863664485
0.998131218
1
1
1
1
1
1
1
1
1
1
1
1
1
1
1
1
1
1
1
1
1
1
1
1
1
1
1
1
1
1
1
1
1
1
1
1
1
1
1
1
1
1
1
1
1
1
1
1
1
1
1
1
1
1
1
1
1
1
1
1
1
1
1
1
1
1
1
1
1
1
1
1
1
1
1
1
1
1
1
1
1
1
1
1
1
1
1
1
1
1
1
1
1
1
1
1
1
1
1
1
1
1
1
1
1
1
1
1
1
1
1
1
1
1
1
1
1
1
1
1
1
1
1
1
1
1
1
1
1
1
1
1
1
1
1
1
1
1
1
1
1
1
1
1
1
1
1
1
1
1
1
1
1
1
1
1
1
1
1
1
1
1
1
1
1
1
1
1
1
1
1
1
1
1
1
1
1
1
1
1
1
1
1
1
1
1
1
1
1
1
1
1
1
1
1
1
1
1
1
1
1
1
1
1
1
1
1
1
1
1
1
1
1
1
1
1
1
1
1
1
1
1
1
1
1
1
1
1
1
1
1
1
1
1
1
1
1
1
1
1
1
1
1
1
1
1
1
1
1
1
1
1
1
1
1
1
1
1
1
1
1
1
1
1
1
1
1
1
1
1
1
1
1
1
1
1
1
1
1
1
1
1
1
1
1
1
1
1
1
1
1
1
1
1
1
1
1
1
1
1
1
1
1
1
1
1
1
1
1
1
1
1
1
1
1
1
1
1
1
1
1
1
1
1
1
1
1
1
1
1
1
1
1
1
1
1
1
1
1
1
1
1
1
1
1
1
1
1
1
1
1
1
1
1
1
1
1
1
1
1
1
1
1
1
1
1
1
1
1
1
1
1
1
1
1
1
1
1
1
1
1
1
1
1
1
1
1
1
1
1
1
1
1
1
1
1
1
1
1
1
1
1
1
1
1
1
1
1
1
1
1
1
1
1
1
1
1
1
1
1
1
1
1
1
1
1
1
1
1
1
1
1
1
1
1
1
1
1
1
1
1
1
1
1
1
1
1
1
1
1
1
1
1
1
1
1
1
1
1
1
1
1
1
1
1
1
1
1
1
1
1
1
1
1
1
1
1
1
1
1
1
1
1
1
1
1
1
1
1
1
1
1
1
1
1
1
1
1
1
1
1
1
1
1
1
1
1
1
1
1
1
1
1
1
1
1
1
1
1
1
1
1
1
1
1
1
1
1
1
1
1
1
1
1
1
1
1
1
1
1
1
1
1
1
1
1
1
1
1
1
1
1
1
1
1
1
1
1
1
1
1
1
1
1
1
1
1
1
1
1
1
1
1
1
1
1
1
1
1
1
1
1
1
1
1
1
1
1
1
1
1
1
1
1
1
1
1
1
1
1
1
1
1
1
1
1
1
1
1
1
1
1
1
1
1
1
1
1
1
1
1
1
1
1
1
1
1
1
1
1
1
1
1
1
1
1
1
1
1
1
1
1
1
1
1
1
1
1
1
1
1
1
1
1
1
1
1
1
1
1
1
1
1
1
1
1
1
1
1
1
1
1
1
1
1
1
1
1
1
1
1
1
1
1
1
1
1
1
1
1
1
1
1
1
1
1
1
1
1
1
1
1
1
1
1
1
1
1
1
1
1
1
1
1
1
1
1
1
1
1
1
1
1
1
1
1
1
1
1
1
1
1
1
1
1
1
1
1
1
1
1
1
1
1
1
1
1
1
1
1
1
1
1
1
1
1
1
1
1
1
1
1
1
1
1
1
1
1
1
1
1
1
1
1
1
1
1
1
1
1
1
1
1
1
1
1
1
1
1
1
1
1
1
1
1
1
1
1
1
1
1
1
1
1
1
1
1
1
1
1
1
1
1
1
1
1
1
1
0
0
0
0
0
0
0
0
0
0
0
0
0
0
0.0037618194
0.0004214104112
0.01148392851
0
0
0.009570406205
0.03240099574
0.02475232224
0.06158567988
0
0
0.03908073903
0.04873313733
0.04757227059
0.09637066049
0
0.0007997606964
0.0476238333
0.03256787271
0.03921978668
0.08405315066
0
9.000658249e-05
0.02493344461
0.003869656751
0.009723609514
0.0352781234
0
0
0.0004618597399
0
0
0.0001394304188
0
0
0
0
0
0
0
0
0
0
0
0
0
0
0
0
0
0
0
0
0
0.03688501971
0.01675097198
0.04073094094
0
0.06284404506
0.1596077895
0.1258053027
0.1856575995
0.03693921195
0.1929209923
0.2777700688
0.2530616467
0.3360539763
0.1132820566
0.2977526852
0.324617701
0.3215037923
0.413610317
0.1599226771
0.3216735132
0.2784038682
0.29824497
0.387487611
0.1437096016
0.253815929
0.1605385852
0.1938282246
0.2673023535
0.07561952238
0.1267230306
0.03750594484
0.06360765795
0.1070007817
0.008825943393
0.01719268519
0
0
0.004207725733
0
0
0
0
0
0
0
0
0.03039630046
0.008520499964
0.0211008928
0
0.06413072888
0.216934657
0.1595783363
0.2093000753
0.07358020811
0.2776429121
0.4585062016
0.4003891836
0.4757985102
0.2529459192
0.5122454211
0.6366200392
0.602067217
0.6863690512
0.4239266647
0.6636682192
0.6987736164
0.6947763989
0.778692162
0.5088417596
0.6950389046
0.6376490214
0.664449487
0.748914637
0.4804907609
0.6033332885
0.4603125325
0.5139111302
0.5957643686
0.346963629
0.40229528
0.218382091
0.2795163082
0.3438419319
0.1587805898
0.1602026697
0.03538561161
0.06962645345
0.1046475868
0.01714823569
0.01191272342
0
0
0
0
0.01490219348
0.0008707606482
0.147873
0.09025596338
0.1168116508
0.04217911279
0.2155407732
0.445850356
0.3698543622
0.4224084038
0.2610342307
0.5294225629
0.748462427
0.6827862456
0.7443466207
0.5493491554
0.80516239
0.9181689452
0.8898131973
0.935172998
0.763866182
0.9383837725
0.9615510601
0.9591040351
0.9882731897
0.8524162436
0.9592916012
0.9187688197
0.938958663
0.9745671999
0.8244188353
0.8902627745
0.7549083988
0.8107960314
0.8638447045
0.6729806305
0.6893119055
0.4642385535
0.5429669747
0.6032802498
0.4071396637
0.3836028964
0.1590040986
0.2280688394
0.2703443714
0.1437878491
0.09950962352
0.002132550015
0.01914247724
0.03174521481
0.002270700117
0.06222349591
0.02370152974
0.2754242817
0.1930575432
0.2106529482
0.1434862512
0.3656865543
0.6473262803
0.5553051755
0.588641901
0.4715292403
0.7329147515
0.9277668496
0.873687683
0.9028263545
0.7979193517
0.9653053633
1
0.9988962249
1
0.9678970733
1
1
1
0.9998153307
1
1
1
1
0.9953066424
0.9993326493
0.932392766
0.9673256396
0.9065674379
0.8835467146
0.6632211571
0.7471695258
0.7811379594
0.6578742422
0.5722694117
0.2857509397
0.3827466216
0.411063778
0.3109537856
0.2049811747
0.03292677622
0.07582573605
0.09313608451
0.04578468207
0.1099446289
0.05475706017
0.3591848512
0.2654179963
0.2751279132
0.2327315679
0.4585488514
0.7491723537
0.6576142123
0.6713506712
0.6099604319
0.8303975478
0.9841033672
0.9492361078
0.9588009888
0.9245266095
0.999319375
1
1
1
1
1
1
1
1
1
1
1
1
1
1
1
1
1
1
1
1
1
1
1
1
1
1
1
1
1
0.9982458754
0.9615685812
0.7777439302
0.8539451277
0.869723061
0.8078705135
0.6901586696
0.3950882323
0.494883463
0.5114836959
0.4444288722
0.2993179621
0.07390790314
0.1353000889
0.1441795054
0.1092825293
0.1303636268
0.06946072179
0.3929036765
0.2955681237
0.3013789688
0.280024432
0.4947167552
0.7844018374
0.6946632051
0.7005102286
0.678459572
0.8621896468
0.9695633634
0.9717128685
0.9631020631
0.9937018247
1
1
1
1
1
1
1
1
1
1
1
1
1
1
1
1
1
1
1
1
1
1
0.9855156687
0.8290802226
0.8985297386
0.9015339038
0.8791659928
0.7458772073
0.4502917112
0.5524553813
0.5560367095
0.5217364288
0.3501429308
0.1024640184
0.1724974752
0.174642546
0.1569664178
0.1432959754
0.07931105222
0.4114224248
0.3129255275
0.3164008824
0.305739058
0.513624675
0.7997940999
0.7119741042
0.7153856756
0.704863098
0.8750128104
0.975748333
0.9769032696
0.9732733229
0.996658857
1
1
1
1
1
1
1
1
1
1
1
1
1
1
1
1
1
1
1
1
1
1
1
1
0.9886598613
0.8382225522
0.9060870761
0.9028887309
0.905594881
0.7561746602
0.4613281542
0.5637090246
0.5582910611
0.5628776156
0.3605783397
0.1088706972
0.1805594319
0.1763774453
0.1799133688
0.1557992973
0.08903085073
0.4288184065
0.329352074
0.3336206405
0.3206386707
0.5312629637
0.8138175573
0.727892349
0.7319562495
0.7195093109
0.8865449229
0.9809371026
0.9821804734
0.9782668638
0.9983443643
1
1
1
1
1
1
1
1
1
1
1
1
1
1
1
1
1
1
1
1
1
1
1
0.9809290353
0.8153068641
0.8874119237
0.8791731776
0.900201454
0.7300251846
0.4322787984
0.5344024059
0.522428285
0.5551735898
0.33291807
0.09168361199
0.158989834
0.1506315555
0.1745907655
0.1717780383
0.1017780995
0.4498150569
0.3495410223
0.352441566
0.3381026081
0.5521527462
0.8292558267
0.7459260391
0.7494795406
0.7361867125
0.8987824084
0.9857047187
0.9871427943
0.9834393557
0.9995254559
1
1
1
1
1
1
1
1
1
1
1
1
1
1
1
1
1
1
1
1
1
1
1
0.9597714147
0.7672155337
0.8465075209
0.8284561363
0.8664652845
0.6767605697
0.3770671137
0.4776014385
0.4620900656
0.5111819184
0.2815343129
0.06270443178
0.1210034854
0.1131848667
0.1444456791
0.1910293215
0.1173686842
0.4747871076
0.3735819147
0.3703509479
0.3579265352
0.5770102963
0.8477723271
0.7674880493
0.7709770689
0.7544641772
0.9134764614
0.9910863567
0.9922450444
0.9884265102
1
1
1
1
1
1
1
1
1
1
1
1
1
1
1
1
1
1
1
1
1
1
1
1
1
1
1
1
0.9198717668
0.6906260117
0.7797969684
0.7633386586
0.8174175855
0.6007510269
0.3054824342
0.4015816005
0.3772240683
0.4394348469
0.2171508681
0.03230432149
0.07757565117
0.06417352399
0.09739677481
0.2154386062
0.1374834156
0.5057291705
0.4035271966
0.4084109826
0.3858062282
0.6076844205
0.8702510048
0.7938674153
0.7974555336
0.7747250507
0.9310374859
0.9963745982
0.9967612753
0.9934474327
1
1
1
1
1
1
1
1
1
1
1
1
1
1
1
1
1
1
1
1
1
1
1
1
1
1
1
1
0.9150469492
0.9625243771
0.9519532163
0.979842811
0.8547994882
0.6001019833
0.6946704225
0.6650292575
0.7400620768
0.5010062492
0.2171477805
0.3052681074
0.2855594867
0.3577134711
0.1402050917
0.009178978406
0.03738876856
0.02650420651
0.05650413624
0.1902602801
0.1179538886
0.4666114747
0.3682862221
0.3442726016
0.400689234
0.5658325451
0.8301146622
0.7511848652
0.7219520996
0.7888058663
0.8958933076
0.9803207026
0.9647915001
0.9946071228
0.9999580955
1
1
1
1
1
1
1
1
1
1
1
1
1
1
1
1
1
1
1
1
1
1
1
1
1
1
1
0.9831698289
0.8384881228
0.9025846763
0.8777238019
0.9361895417
0.7609534911
0.478181705
0.577245408
0.5486490049
0.6419961158
0.3875978082
0.1389780385
0.2127392829
0.1818982392
0.2569274001
0.07806268969
0
0.007380027169
0.003446036267
0.01999184317
0.1075715112
0.05616653401
0.331039994
0.247932076
0.2105905099
0.3157137927
0.4184558816
0.6743901366
0.5931496012
0.5379686105
0.6857076215
0.7481733609
0.9095914828
0.8665949346
0.8142988441
0.9414142058
0.9419369416
0.9878306759
0.9793106524
0.9461150471
1
0.9920609683
0.9885107867
0.9923451103
0.966700315
1
1
0.9805798522
0.9138877957
0.9450471693
0.9021107434
0.9929457172
0.8721593169
0.6833951961
0.7561797999
0.6997261396
0.8452790948
0.6029068419
0.3410481834
0.4287498122
0.3798151709
0.5139887768
0.2572705055
0.06137641612
0.1144707792
0.09002094799
0.1613319071
0.02376855599
0
0
0
0.0003302821585
0.02266893774
0.004115467858
0.1531508779
0.0991312503
0.06681643997
0.1724504222
0.2146146156
0.4187669033
0.3498755273
0.2849526474
0.4780914698
0.4855143774
0.6558508593
0.6053886863
0.5237117894
0.7525126501
0.6988739404
0.7807155157
0.76131748
0.6775951842
0.8977592583
0.792424629
0.7824689458
0.7932949466
0.7103549795
0.9238506916
0.7639744945
0.6612479471
0.7033731892
0.6194350648
0.846685719
0.6116189445
0.4266786001
0.4930492081
0.4170091414
0.6361769835
0.3579292491
0.1599633922
0.2221319737
0.1710648702
0.3281189763
0.1049536108
0.005522201193
0.02574635978
0.01133920581
0.06629697444
0
0
0
0
0
0
0
0.01966190717
0.004712097895
0
0.03937383832
0.04346122966
0.1510281143
0.1109377251
0.06669677312
0.2221100996
0.1929538389
0.313494956
0.2756512435
0.201073609
0.4397521549
0.3473826034
0.4168553822
0.3997035305
0.3092240761
0.5872749647
0.4274495397
0.4184298322
0.4282446871
0.334720291
0.619611913
0.4020249892
0.31766004
0.3510211031
0.266246756
0.5307475679
0.2802200318
0.1558431981
0.197870476
0.1358873157
0.340873981
0.1154484061
0.02200456189
0.0467302338
0.02061662962
0.1236314752
0.005947977868
0
0
0
0.0024316504
0
0
0
0
0
0
0
0
0
0
0
0
0.004661811881
0.0003093416793
0
0.03252594594
0.01323738784
0.05247953401
0.03829506907
0.01126586834
0.1350954503
0.06636975776
0.097958235
0.08979267392
0.04301717274
0.225423157
0.1031170806
0.09871939358
0.1035077878
0.0524378958
0.2473279574
0.09088421051
0.05412878835
0.06792322499
0.02866513027
0.1889892626
0.03992768533
0.005464871234
0.0144543334
0.001090422631
0.08335946837
0.0005604143497
0
0
0
0.00468538905
0
0
0
0
0
0
0
0
0
0
0
0
0
0
0
0
0
0
0
0
0
0
0
0
0
0.000231488919
0
0
0
0
0.01280557857
0
0
0
0
0.01798772807
0
0
0
0
0.005813197476
0
0
0
0
0
0
0
0
0
0
0
0
0
0
0
0
0
0
0
0
0
0
0
0
0
0
0
0
0
0
0
0
0
0
0
0
0
0
0
0
0
0
0
0
0
0
0
0
0
0
0
0
0
0
0
0
0
0
0
0
0
0
0
0
0
0
0
0
0
0
0
0
0
0
0
0
0
0
0
0
0
0
0
0
0
0
0
0
0
0
0
0
0
0
0
0
0
0
0
0
0
0
0
0
0
0
0
0
0
0
0
0
0
0
0
0
0
0
0
0
0
0
0
0
0
0
0
0
0
0
0
0
0
0
0
0
0
0
0
0
0
0
0
0
0
0
0
0
0
0
0
0
0
0
0
0
0
0
0
0
0
0
0
0
0
0
0
0
0
0
0
0
0
0
0
0
0
0
0
0
0
0
0
0
0
0
0
0
0
0
0
0
0
0
0
0
0
0
0
0
0
0
0
0
0
0
0
0
0
0
0
0
0
0
0
0
0
0
0
0
0
0
0
0
0
0
0
0
0
0
0
0
0
0
0
0
0
0
0
0
0
0
0
0
0
0
0
0
0
0
0
0
0
0
0
0
0
0
0
0
0
0
0
0
0
0
0
0
0
0
0
0
0
0
0
0
0
0
0
0
0
0
0
0
0
0
0
0
0
0
0
0
0
0
0
0
0
0
0
0
0
0
0
0
0
0
0
0
0
0
0
0
0
0
0
0
0
0
0
0
0
0
0
0
0
0
0
0
0
0
0
0
0
0
0
0
0
0
0
0
0
0
0
0
0
0
0
0
0
0
0
0
0
0
0
0
0
0
0
0
0
0
0
0
0
0
0
0
0
0
0
0
0
0
0
0
0
0
0
0
0
0
0
0
0
0
0
0
0
0
0
0
0
0
0
0
0
0
0
0
0
0
0
0
0
0
0
0
0
0
0
0
0
0
0
0
0
0
0
0
0
0
0
0
0
0
0
0
0
0
0
0
0
0
0
0
0
0
0
0
0
0
0
0
0
0
0
0
0
0
0
0
0
0
0
0
0
0
0
0
0
0
0
0
0
0
0
0
0
0
0
0
0
0
0
0
0
0
0
0
0
0
0
0
0
0
0
0
0
0
0
0
0
0
0
0
0
0
0
0
0
0
0
0
0
0
0
0
0
0
0
0
0
0
0
0
0
0
0
0
0
0
0
0
0
0
0
0
0
0
0
0
0
0
0
0
0
0
0
0
0
0
0
0
0
0
0
0
0
0
0
0
0
0
0
0
0
0
0
0
0
0
0
0
0
0
0
0
0
0
0
0
0
0
0
0
0
0
0
0
0
0
0
0
0
0
0
0
0
0
0
0
0
0
0
0
0
0
0
0
0
0
0
0
0
0
0
0
0
0
0
0
0
0
0
0
0
0
0
0
0
0
0
0
0
0
0
0
0
0
0
0
0
0
0
0
0
0
0
0
0
0
0
0
0
0
0
0
0
0
0
0
0
0
0
0
0
0
0
0
0
0
0
0
0
0
0
0
0
0
0
0
0
0
0
0
0
0
0
0
0
0
0
0
0
0
0
0
0
0
0
0
0
0
0
0
0
0
0
0
0
0
0
0
0
0
0
0
0
0
0
0
0
0
0
0
0
0
0
0
0
0
0
0
0
0
0
0
0
0
0
0
0
0
0
0
0
0
0
0
0
0
0
0
0
0
0
0
0
0
0
0
0
0
0
0
0
0
0
0
0
0
0
0
0
0
0
0
0
0
0
0
0
0
0
0
0
0
0
0
0
0
0
0
0
0
0
0
0
0
0
0
0
0
0
0
0
0
0
0
0
0
0
0
0
0
0
0
0
0
0
0
0
0
0
0
0
0
0
0
0
0
0
0
0
0
0
0
0
0
0
0
0
0
0
0
0
0
0
0
0
0
0
0
0
0
0
0
0
0
0
0
0
0
0
0
0
0
0
0
0
0
0
0
0
0
0
0
0
0
0
0
0
0
0
0
0
0
0
0
0
0
0
0
0
0
0
0
0
0
0
0
0
0
0
0
0
0
0
0
0
0
0
0
0
0
0
0
1
1
1
1
1
1
1
1
1
1
1
1
1
1
1
1
1
1
1
1
1
1
1
1
1
1
1
1
1
1
1
1
1
1
1
1
1
1
1
1
1
1
1
1
1
1
1
1
1
1
1
1
1
1
1
1
1
1
1
1
1
1
1
1
1
1
1
1
1
1
1
1
1
1
1
1
1
1
1
1
1
1
1
1
1
1
1
1
1
1
1
1
1
1
1
1
1
1
1
1
1
1
1
1
1
1
1
1
1
1
1
1
1
1
1
1
1
1
1
1
1
1
1
1
1
1
1
1
1
1
1
1
1
1
1
1
1
1
1
1
1
1
1
1
1
1
1
1
1
1
1
1
1
1
1
1
1
1
1
1
1
1
1
1
1
1
1
1
1
1
1
1
1
1
1
1
1
1
1
1
1
1
1
1
1
1
1
1
1
1
0.9987818029
1
1
1
1
1
1
1
1
1
1
1
1
1
1
1
1
1
1
1
1
1
1
1
1
1
1
0.9999923632
1
1
1
1
1
1
1
1
1
1
1
1
1
1
1
1
1
1
1
1
1
1
1
1
1
1
1
1
1
1
1
1
1
1
1
1
1
1
1
0.9993288985
1
1
1
1
1
1
1
1
1
1
1
1
1
1
1
1
1
1
1
1
1
1
1
1
1
1
1
1
1
1
1
1
1
1
1
1
1
1
1
1
1
1
1
1
1
1
1
1
1
1
1
1
1
1
1
1
1
1
1
1
1
1
1
1
1
1
1
1
1
1
1
1
1
1
1
1
1
1
1
1
1
1
1
1
1
1
1
1
1
1
1
1
1
1
1
1
1
1
1
1
1
1
1
1
1
1
1
1
1
1
1
1
1
1
1
1
1
1
1
1
1
1
1
1
1
1
1
1
1
1
1
1
1
1
1
1
1
1
1
1
1
1
1
1
1
1
1
1
1
1
1
1
1
1
1
1
1
1
1
1
1
1
1
1
1
1
1
1
1
1
1
1
1
1
1
1
1
1
1
1
1
1
1
1
1
1
1
1
1
1
1
1
1
1
1
1
1
1
1
1
1
1
1
1
1
1
1
1
1
1
1
1
1
1
1
1
1
1
1
1
1
1
1
1
1
1
1
1
1
1
1
1
1
1
1
1
1
1
1
1
1
1
1
1
1
1
1
1
1
1
1
1
1
1
1
1
1
1
1
1
1
1
1
1
1
1
1
1
1
1
1
1
1
1
1
1
1
1
1
1
1
1
1
1
1
1
1
1
1
1
1
1
1
1
1
1
1
1
1
1
1
1
1
1
1
1
1
1
1
1
1
1
1
1
1
1
1
1
1
1
1
1
1
1
1
1
1
1
1
1
1
1
1
1
1
1
1
1
1
1
1
1
1
1
1
1
1
1
1
1
1
1
1
1
1
1
1
1
1
1
1
1
1
1
1
1
1
1
1
1
1
1
1
1
1
1
1
1
1
1
1
1
1
1
1
1
1
1
1
1
1
1
1
1
1
1
1
1
1
1
1
1
1
1
1
1
1
1
1
1
1
1
1
1
1
1
1
1
1
1
1
1
1
1
1
1
1
1
1
1
1
1
1
1
1
1
1
1
1
1
1
1
1
1
1
1
1
1
1
1
1
1
1
1
1
1
1
1
1
1
1
1
1
1
1
1
1
1
1
1
1
1
1
1
1
1
1
1
1
1
1
1
1
1
1
1
1
1
1
1
1
1
1
1
1
1
1
1
1
1
1
1
1
1
1
1
0.9929260069
1
1
1
1
1
1
1
1
1
1
1
1
1
1
1
1
1
1
1
1
1
1
1
1
1
1
1
1
1
1
1
1
1
1
1
1
1
1
1
1
1
1
1
1
1
1
1
1
1
1
1
1
1
1
1
1
1
1
1
1
1
1
1
1
1
1
1
1
1
1
1
1
1
1
1
1
1
1
1
1
1
1
1
1
1
1
1
1
1
1
1
1
1
1
1
1
1
1
1
1
1
1
1
1
1
1
1
1
1
1
1
1
1
1
1
1
1
1
1
1
1
1
1
1
1
1
1
1
1
1
1
1
1
1
1
1
1
1
1
1
1
1
1
1
1
1
1
1
1
1
1
1
1
1
1
1
1
1
1
1
1
1
1
1
1
1
1
1
1
1
1
1
1
1
1
1
1
1
1
1
1
1
1
1
1
1
1
1
1
1
1
1
1
1
1
1
1
1
1
1
1
1
1
1
1
1
1
1
1
1
1
1
1
1
1
1
1
1
1
1
1
1
1
1
1
1
1
1
1
1
1
1
1
1
1
1
1
1
1
1
1
1
1
1
1
1
1
1
1
1
1
1
1
1
1
1
1
1
1
1
1
1
1
1
1
1
1
1
1
1
1
1
1
1
1
1
1
1
1
1
1
1
1
1
1
1
1
1
1
1
1
1
1
1
1
1
1
1
1
1
1
1
1
1
1
1
1
1
1
1
1
1
1
1
1
1
1
1
1
1
1
1
1
1
1
1
1
1
1
1
1
1
1
1
1
1
1
1
1
1
1
1
1
1
1
1
1
1
1
1
1
1
1
1
1
1
1
1
1
1
1
1
1
1
1
1
1
1
1
1
1
1
1
1
1
1
1
1
1
1
1
1
1
1
1
1
1
1
1
1
1
1
1
1
1
1
1
1
1
1
1
1
1
1
1
1
1
1
1
1
1
1
1
1
1
1
1
1
1
1
1
1
1
1
1
1
1
1
1
1
1
1
1
1
1
1
1
1
1
1
1
1
1
1
1
1
1
1
1
1
1
1
1
1
1
1
1
1
1
1
1
1
1
1
1
1
1
1
1
1
1
1
1
1
1
1
1
1
1
1
1
1
1
1
1
1
1
1
1
1
1
1
1
1
1
1
1
1
1
1
1
1
1
1
1
1
1
1
1
1
1
1
1
1
1
1
1
1
1
1
1
1
1
1
1
1
1
1
1
1
1
1
1
1
1
1
1
1
1
1
1
1
1
1
1
1
1
1
1
1
1
1
1
1
1
1
1
1
1
1
1
1
1
1
1
1
1
1
1
1
1
1
1
1
1
1
1
1
1
1
1
1
1
1
1
1
1
1
1
1
1
1
1
1
1
1
1
1
1
1
1
1
1
1
1
1
1
1
1
1
1
1
1
1
1
1
1
1
1
1
1
1
1
1
1
1
1
1
1
1
1
1
1
1
1
1
1
1
1
1
1
1
1
1
1
1
1
1
1
1
1
1
1
1
1
1
1
1
1
1
1
1
1
1
1
1
1
1
1
1
1
1
1
1
1
1
1
1
1
1
1
1
1
1
1
1
1
1
1
1
1
1
1
1
1
1
1
1
1
1
1
1
1
1
1
1
1
1
1
1
1
1
1
1
1
1
1
1
1
1
1
1
1
1
0.9827039088
0.9987490506
0.9997177177
1
1
1
1
1
0.9734847317
0.9952504528
1
1
1
1
1
1
1
1
1
1
1
1
1
1
1
1
1
1
1
1
1
1
1
1
1
1
1
1
1
1
1
1
1
1
1
1
1
1
1
1
1
1
1
1
1
1
1
1
1
1
1
1
1
1
1
1
1
1
1
1
1
1
1
1
1
1
1
1
1
1
1
1
1
1
1
1
1
1
1
1
1
1
1
1
1
1
1
1
1
1
1
1
1
1
1
1
1
1
1
1
1
1
1
1
1
1
1
0
0
0
0
0
0
0
0
0
0
0
0
0
0
0
0
0
0
0
0
0
0
0
0
0
0
0
0
0
5.475916589e-05
0.001474801443
0
0.007539062814
0.01080693388
0.01354027938
0.0004476691934
0.01596411767
0.01534561272
0.01359024128
0.0004559085431
0.007612668661
0.004275850641
0.001522635835
0
0
0
0
0
0
0
0
0
0
0
0
0
0
0
0
0
0
0
0
0
0
0
0
0
0
0
0
0
0
0
0
0.01336187586
0.02988309393
0.05112795494
0.0208830921
0.003703614802
0.1018361551
0.1284461853
0.1542000743
0.09477263918
0.0484093636
0.1986516541
0.2155880973
0.2281761775
0.1536253468
0.09157186013
0.2385732861
0.236035027
0.2284499425
0.1538371963
0.09172571905
0.19916196
0.1785001551
0.154862647
0.0952617068
0.04873314422
0.1025371944
0.07625308033
0.05172691167
0.02124053342
0.003843102728
0.01371185901
0.003155867271
0
0
0
0
0
0
0
0
0
0
0
0
0
0
0
0
0
0
0
0
0
0
0.0133379623
0.03722969441
0.07133211959
0.04086007891
0.01797267526
0.1624784806
0.2153512853
0.2703106948
0.2047008272
0.1448924237
0.3786214187
0.4285784707
0.4739392073
0.3871891825
0.3030700578
0.5468910498
0.5731851076
0.592212451
0.4978817701
0.4035009069
0.6076675019
0.6039685579
0.5927065832
0.4983303392
0.4038961502
0.5478486294
0.5147808757
0.4752890619
0.3883845319
0.3040951574
0.3802337161
0.3269998693
0.2719937782
0.20611101
0.1460269866
0.1639806582
0.1149915406
0.07216226982
0.0416475518
0.01848002447
0.01595200129
0.002398875244
0
0
0
0
0
0
0
0
0
0
0
0
0
0.006230496557
0.02828690263
0.01437226448
0.003422852678
0.1143327009
0.1743043803
0.2362839141
0.1926176535
0.1489671566
0.3914825889
0.4704853091
0.5470753385
0.4799153915
0.4100671862
0.6846108697
0.7424646225
0.7918104336
0.7217133759
0.6438562185
0.864086247
0.8877138957
0.9038855912
0.8417177617
0.7672521641
0.9164324183
0.9135134409
0.9043619385
0.8422361779
0.7677858754
0.8650322519
0.8333118266
0.7928458519
0.7232248361
0.645424329
0.6913964648
0.6262909732
0.5539150998
0.4812676486
0.4121370234
0.4033438175
0.3278528895
0.2542749578
0.2047772361
0.1569587051
0.1240286312
0.07267272522
0.03368403963
0.01820059642
0.006857257422
0
0
0
0
0
0
0.003193481417
0.006742372487
2.775351805e-05
0.015206819
0.05210716297
0.1034385919
0.08383639908
0.06409931765
0.2466813328
0.3326117472
0.4235919448
0.3824846125
0.3377752424
0.6066074765
0.6919658423
0.7692928852
0.7278063295
0.6710179401
0.8970415075
0.9384748111
0.9702983152
0.9429279979
0.9020469214
0.9985380637
1
1
0.9986680372
0.9835278197
1
1
1
0.9987350652
0.983774632
0.9987443822
0.9902214342
0.9711268442
0.9443059935
0.9062673952
0.8999686024
0.8467544259
0.7816230021
0.7341741752
0.6792026446
0.6220300335
0.5323600351
0.4401406528
0.3980576641
0.3522795329
0.2617378822
0.1825502213
0.1097141036
0.09362436101
0.07251658386
0.007271750491
0
0
0.0002200224069
0
0.001045168974
0.01793118731
0.02032935949
0.01074252608
0.0486785094
0.1010490335
0.1695184863
0.1545205983
0.1367827368
0.3426688856
0.4401525238
0.5396620704
0.5135875076
0.4916683248
0.7287752254
0.8109505411
0.8842476478
0.8662142837
0.8413394683
0.9776930687
0.9972000609
1
0.9999981805
0.9976567781
1
1
1
1
1
0.9481198911
0.8961087556
0.8780499719
0.8533831783
0.7538177194
0.6658424524
0.5708470648
0.5408784394
0.5048877164
0.3747290445
0.2814738733
0.1965747182
0.1782508891
0.1571569254
0.02991453447
0.00326262594
0.005205247302
0.006889173911
0.001443716583
0.003820319987
0.02674520806
0.02879235499
0.02158820789
0.06824881509
0.1285812949
0.2045584303
0.1932081101
0.1891643992
0.389830055
0.4913511063
0.5931822012
0.5796205381
0.572689806
0.7808993744
0.8589697495
0.9220476236
0.9151335135
0.9095072943
1
1
1
1
0.9809513234
0.944345313
0.9372704501
0.9293997494
0.8192112628
0.7354622084
0.6418755309
0.622743965
0.6120205574
0.440833087
0.3416495836
0.2489419721
0.2297492205
0.222721423
0.04905243875
0.01293210608
0.01452090209
0.01511007109
0.01053449957
0.006420647225
0.03302251697
0.03436387871
0.03035531849
0.07726212746
0.1406291698
0.2191028748
0.2158576447
0.2119728083
0.4076473992
0.5097784275
0.6114789519
0.6076170898
0.6029666285
0.7966919406
0.8724408296
0.9325581623
0.9305502379
0.9281050281
1
1
1
1
0.9890037831
0.9575930038
0.9565900769
0.9537461406
0.8394292049
0.7575747056
0.6649287629
0.6625822548
0.6560515239
0.4629620381
0.3621569926
0.267105693
0.2649149327
0.2588547881
0.05358884798
0.01748021586
0.01704577733
0.01565195933
0.01683640316
0.009464714634
0.03955622259
0.04133092593
0.03603000676
0.08648116497
0.1525402491
0.2332148237
0.229197253
0.2253909737
0.4243324382
0.5267242035
0.6279729989
0.6233267308
0.618892435
0.810242144
0.8836190724
0.9408829768
0.938582498
0.9363530921
1
1
1
1
0.9837162077
0.9479620085
0.9525713817
0.954697614
0.8183162654
0.7331797313
0.6450199025
0.655017294
0.6582249855
0.4440477394
0.3447246962
0.2517278625
0.2586306222
0.2608253604
0.04146395537
0.01365298957
0.01046640585
0.008284980471
0.01516613452
0.01417319566
0.04849305904
0.04953505519
0.04322962174
0.09711025024
0.1660337785
0.2490140365
0.2449732021
0.2409091611
0.4427037522
0.5452524012
0.6458779134
0.6413516961
0.6367660035
0.8246977614
0.8953820859
0.9494458934
0.9473302391
0.9451526231
1
1
1
1
0.9659013391
0.9195802528
0.9278714086
0.9371665273
0.7772148178
0.686971758
0.5888380392
0.6115103742
0.6233174236
0.3941408413
0.2985933703
0.2110249322
0.2229185926
0.2306569261
0.02258662201
0.005173847809
0.002362995504
0.001457401755
0.006989124988
0.02067235207
0.05977271681
0.06085028939
0.05204149676
0.1126139457
0.1848716711
0.268422316
0.2630612376
0.2580364669
0.4648297827
0.5673701062
0.6670613033
0.6612977431
0.6558373897
0.8414120421
0.9087402478
0.9588700447
0.9563867758
0.9539774769
1
0.9324463452
0.8740054278
0.8880035874
0.8978601752
0.7140774498
0.618889496
0.5187091391
0.5407411629
0.5623641572
0.3195273372
0.2290235429
0.1495770122
0.1658189625
0.1849087464
0.006259143878
2.5089997e-05
0
0
0.0005582344939
0.03005611208
0.07480597482
0.0776015825
0.06704876073
0.1325012052
0.209300427
0.2982716351
0.2896267728
0.2761395319
0.4973982794
0.5991851048
0.6967599335
0.6851417556
0.679515158
0.8633304212
0.9254136745
0.9697709623
0.966625998
0.964020433
1
1
1
1
1
1
1
1
0.9956370375
0.9982518283
0.9322634346
0.8741188699
0.8006626869
0.8199748085
0.8419192669
0.6195289449
0.5195668421
0.4282902183
0.4553905792
0.4768810879
0.2445767638
0.1651837905
0.09848139874
0.1117261917
0.1226201632
0
0
0
0
0
0.02187140873
0.06101482771
0.05176278333
0.07430383708
0.1287326591
0.2040426096
0.2914272132
0.3032524899
0.3100583163
0.4874471837
0.5879366983
0.6845704879
0.7003552739
0.70929764
0.8509834612
0.9142465911
0.9609482953
0.9700852453
0.9748469553
1
1
1
0.9918037467
0.9652296476
0.9739422803
0.9850282815
0.8591253445
0.7830944377
0.7027349939
0.732382175
0.7558358107
0.5170868586
0.4190847169
0.3247175871
0.348435104
0.3786136355
0.1581829524
0.09267018647
0.04315383577
0.05703499596
0.06812567268
0
0
0
0
0
0.002239741016
0.02048810607
0.01140961651
0.04146470329
0.07301207417
0.130928155
0.2020242389
0.2295265168
0.2540584833
0.3715012364
0.4630812953
0.5545694573
0.5966645232
0.6325898175
0.7242930748
0.797020788
0.8589446509
0.8963341097
0.9252156215
0.9466921947
0.9728267091
0.9888061668
0.999306378
0.9996761358
1
1
1
0.9997918351
0.997399329
0.9901011131
0.9996287369
0.9503090801
0.913947674
0.8653846274
0.9022798764
0.9306018419
0.7332517622
0.652518782
0.5650500885
0.6073249064
0.6433505602
0.3820443051
0.2932877709
0.211015385
0.2391160741
0.2641446718
0.07898524164
0.03482454575
0.008081911636
0.01375226933
0.02420868435
0
0
0
0
0
0
0
0
0.004445808746
0.01275655731
0.04033549718
0.08170190174
0.1110629341
0.1417174438
0.1973604012
0.266672492
0.3400667429
0.3983973373
0.4544625176
0.4885598916
0.5588887316
0.6239713237
0.6942662931
0.7575450862
0.7330302882
0.7754839933
0.8095851013
0.8742698181
0.9263471683
0.8537072964
0.8645458409
0.8683810599
0.9264391517
0.9686362778
0.8553370831
0.8380354292
0.8130155044
0.8774107388
0.9290431717
0.7383969985
0.6886523992
0.6311280605
0.7014668988
0.7646343976
0.4969512267
0.4235427363
0.3487452137
0.407705121
0.4642778449
0.2051236749
0.1416726826
0.08731906491
0.1176593394
0.1492080674
0.01520074674
0.001122946567
0
0
0.000545513417
0
0
0
0
0
0
0
0
0
0
0
0.003448471198
0.01451550357
0.03209188566
0.04335733828
0.07718566316
0.1178541754
0.1680191612
0.2230442272
0.2118437173
0.26126753
0.3098926752
0.3887912856
0.4690630847
0.398604829
0.4362094528
0.4680609741
0.5603904744
0.6500686735
0.5120949482
0.5235271247
0.5276418563
0.6230056545
0.7137695548
0.5137962799
0.4960293893
0.4713600097
0.5638874661
0.6536633463
0.4032482942
0.3612828258
0.3154205171
0.394920646
0.4756746057
0.2175766067
0.1689233392
0.1229393493
0.1741370902
0.2301163785
0.04687862385
0.02064562219
0.004587548099
0.01682154943
0.03554661166
0
0
0
0
0
0
0
0
0
0
0
0
0
0
0
0
0
0
0
0
0
0.0019154499
0.01502714769
0.03965839467
0.02317010749
0.04014686305
0.05956632421
0.1074986619
0.1667164839
0.1006083064
0.1199168785
0.137096066
0.2078072058
0.2885385822
0.1620604354
0.1687707706
0.1712091504
0.2496736547
0.337436562
0.1630530789
0.1527900182
0.1389177866
0.2100687349
0.2912037127
0.102934179
0.08253376979
0.06192287521
0.1107158963
0.1707652572
0.02497568645
0.01127628234
0.002548161221
0.01677078887
0.04253163591
0
0
0
0
0
0
0
0
0
0
0
0
0
0
0
0
0
0
0
0
0
0
0
0
0
0
0
0
0
0
0
0
0
0.004789536948
0
0
9.411738867e-07
0.009151824761
0.03585742819
0.000899879873
0.001402562676
0.001610109899
0.01858173072
0.05347847286
0.0009677719542
0.0003791145784
1.001799274e-05
0.009593497101
0.03675443498
0
0
0
0
0.005435370449
0
0
0
0
0
0
0
0
0
0
0
0
0
0
0
0
0
0
0
0
0
0
0
0
0
0
0
0
0
0
0
0
0
0
0
0
0
0
0
0
0
0
0
0
0
0
0
0
0
0
0
0
0
0
0
0
0
0
0
0
0
0
0
0
0
0
0
0
0
0
0
0
0
0
0
0
0
0
0
0
0
0
0
0
0
0
0
0
0
0
0
0
0
0
0
0
0
0
0
0
0
0
0
0
0
0
0
0
0
0
0
0
0
0
0
0
0
0
0
0
0
0
0
0
0
0
0
0
0
0
0
0
0
0
0
0
0
0
0
0
0
0
0
0
0
0
0
0
0
0
0
0
0
0
0
0
0
0
0
0
0
0
0
0
0
0
0
0
0
0
0
0
0
0
0
0
0
0
0
0
0
0
0
0
0
0
0
0
0
0
0
0
0
0
0
0
0
0
0
0
0
0
0
0
0
0
0
0
0
0
0
0
0
0
0
0
0
0
0
0
0
0
0
0
0
0
0
0
0
0
0
0
0
0
0
0
0
0
0
0
0
0
0
0
0
0
0
0
0
0
0
0
0
0
0
0
0
0
0
0
0
0
0
0
0
0
0
0
0
0
0
0
0
0
0
0
0
0
0
0
0
0
0
0
0
0
0
0
0
0
0
0
0
0
0
0
0
0
0
0
0
0
0
0
0
0
0
0
0
0
0
0
0
0
0
0
0
0
0
0
0
0
0
0
0
0
0
0
0
0
0
0
0
0
0
0
0
0
0
0
0
0
0
0
0
0
0
0
0
0
0
0
0
0
0
0
0
0
0
0
0
0
0
0
0
0
0
0
0
0
0
0
0
0
0
0
0
0
0
0
0
0
0
0
0
0
0
0
0
0
0
0
0
0
0
0
0
0
0
0
0
0
0
0
0
0
0
0
0
0
0
0
0
0
0
0
0
0
0
0
0
0
0
0
0
0
0
0
0
0
0
0
0
0
0
0
0
0
0
0
0
0
0
0
0
0
0
0
0
0
0
0
0
0
0
0
0
0
0
0
0
0
0
0
0
0
0
0
0
0
0
0
0
0
0
0
0
0
0
0
0
0
0
0
0
0
0
0
0
0
0
0
0
0
0
0
0
0
0
0
0
0
0
0
0
0
0
0
0
0
0
0
0
0
0
0
0
0
0
0
0
0
0
0
0
0
0
0
0
0
0
0
0
0
0
0
0
0
0
0
0
0
0
0
0
0
0
0
0
0
0
0
0
0
0
0
0
0
0
0
0
0
0
0
0
0
0
0
0
0
0
0
0
0
0
0
0
0
0
0
0
0
0
0
0
0
0
0
0
0
0
0
0
0
0
0
0
0
0
0
0
0
0
0
0
0
0
0
0
0
0
0
0
0
0
0
0
0
0
0
0
0
0
0
0
0
0
0
0
0
0
0
0
0
0
0
0
0
0
0
0
0
0
0
0
0
0
0
0
0
0
0
0
0
0
0
0
0
0
0
0
0
0
0
0
0
0
0
0
0
0
0
0
0
0
0
0
0
0
0
0
0
0
0
0
0
0
0
0
0
0
0
0
0
0
0
0
0
0
0
0
0
0
0
0
0
0
0
0
0
0
0
0
0
0
0
0
0
0
0
0
0
0
0
0
0
0
0
0
0
0
0
0
0
0
0
0
0
0
0
0
0
0
0
0
0
0
0
0
0
0
0
0
0
0
0
0
0
0
0
0
0
0
0
0
0
0
0
0
0
0
0
0
0
0
0
0
0
0
0
0
0
0
0
0
0
0
0
0
0
0
0
0
0
0
0
0
0
0
0
0
0
0
0
0
0
0
0
0
0
0
0
0
0
0
0
0
0
0
0
0
0
0
0
0
0
0
0
0
0
0
0
0
0
0
0
0
0
0
0
0
0
0
0
0
0
0
0
0
0
0
0
0
0
0
0
0
0
0
0
0
0
0
0
0
0
0
0
0
0
0
0
0
0
0
0
0
0
0
0
0
0
0
0
0
0
0
0
0
0
0
0
0
0
0
0
0
0
0
0
0
0
0
0
0
0
0
0
0
0
0
0
0
0
0
0
0
0
0
0
0
0
0
0
0
0
0
0
0
0
0
0
0
0
0
0
0
0
0
0
0
0
0
0
0
0
0
0
0
0
0
0
0
0
0
0
0
0
0
0
0
0
0
0
0
0
0
0
0
0
0
0
0
0
0
0
0
0
0
0
0
0
0
0
0
0
0
0
0
0
0
0
0
0
0
0
0
0
0
0
0
0
0
0
0
0
0
0
0
0
0
0
0
0
0
0
0
0
0
0
0
0
0
0
0
0
0
0
0
0
0
0
0
1
1
1
1
1
1
1
1
1
1
1
1
1
1
1
1
1
1
1
1
1
1
1
1
1
1
1
1
1
1
1
1
1
1
1
1
1
1
1
1
1
1
1
1
1
1
1
1
1
1
1
1
1
1
1
1
1
1
1
1
1
1
1
1
1
1
1
1
1
1
1
1
1
1
1
1
1
1
1
1
1
1
1
1
1
1
1
1
1
1
1
1
1
1
1
1
1
1
1
1
1
1
1
1
1
1
1
1
1
1
1
1
1
1
1
1
1
1
1
1
1
1
1
1
1
1
1
1
1
1
1
1
1
1
1
1
1
1
1
1
1
1
1
1
1
1
1
1
1
1
1
1
1
1
1
1
1
1
1
1
1
1
1
1
1
1
1
1
1
1
1
1
1
1
1
1
1
1
1
1
1
1
1
1
1
1
1
1
1
1
1
1
1
1
1
1
1
1
1
1
1
1
1
1
1
1
1
1
1
1
1
1
1
1
1
1
1
1
1
1
1
1
1
1
1
1
1
1
1
1
1
1
1
1
0
0
0
0
0
0
0.01688465128
0.004207516644
0.04429539472
0.01531883588
0.04439425449
0.01087385886
0.01706148406
6.580439341e-05
0
0
0
0
0
0
0
0
0
0.004008750732
0.002980688476
0.09304149441
0.07558400036
0.2244809016
0.1778995443
0.3124938286
0.2358944024
0.3128317514
0.2159894437
0.2253240695
0.1291458011
0.09390124434
0.03037634935
0.004234855909
0
0
0
0
6.180630515e-05
0.001245439325
0.1079009142
0.1137558982
0.3394995227
0.3253224714
0.5604194468
0.5136141023
0.6830894592
0.6037196788
0.6836107267
0.5739161908
0.5618993746
0.4300818815
0.3414418638
0.2169854441
0.1078795848
0.03731025139
0.0007583954412
0
0
0.0452297982
0.06494233548
0.2904542678
0.3122133154
0.6093107872
0.6190274102
0.8523665279
0.8322829038
0.9516582159
0.9132811482
0.9520493554
0.8884462156
0.8569014564
0.7484684236
0.6173861415
0.4781629911
0.3039196743
0.1854163278
0.05216737089
1.705607501e-05
0.008980595253
0.1170074886
0.1692205741
0.4602259346
0.5160686622
0.8091564561
0.8409454387
0.9886014186
0.989672832
1
1
1
1
1
1
1
1
1
1
1
1
1
1
1
0.9888546152
0.9406809681
0.8213406417
0.7060058407
0.4775844341
0.3487583289
0.1340288339
0.02197031088
0.05817334135
0.1811661665
0.2511906468
0.5594124237
0.6371567579
0.8959001443
0.9396979715
1
1
1
1
1
1
1
1
1
1
1
1
1
1
0.9159264976
0.8314630322
0.5945781857
0.4725016742
0.2115058939
0.06545092135
0.1235409513
0.2068096559
0.2928741796
0.5967319095
0.6910601135
0.9247796564
0.9675600228
1
1
1
0.9513810888
0.8897581741
0.652365853
0.542305692
0.256244062
0.09794316677
0.1665364774
0.2222754002
0.3093755867
0.6152303894
0.708473327
0.9344881468
0.9745408927
1
1
1
0.9569319504
0.9070382811
0.6633831163
0.5653383642
0.2656312023
0.1098991688
0.1818251756
0.2370479361
0.3251026623
0.6323713564
0.7238200754
0.9430333654
0.9796565349
1
1
1
1
0.9433799906
0.8934941623
0.6350663848
0.545528299
0.2405342906
0.09986175921
0.1689624283
0.2555422533
0.342550708
0.6522538442
0.7403508787
0.9516426094
0.9846420815
1
1
1
0.9115138072
0.85581129
0.5788720531
0.4869900607
0.1949930323
0.07370608411
0.1349805454
0.2776503778
0.3637615616
0.6759591262
0.7597091797
0.9618971506
0.9897125413
1
0.8572220663
0.8002917162
0.501411787
0.4175053527
0.1400902777
0.04143001323
0.08455601696
0.3053848815
0.3956715052
0.7051000397
0.7860480039
0.9736738306
0.9946581635
1
1
1
1
1
1
0.991099789
0.9733722357
0.7774013956
0.7145180786
0.4012242449
0.3333572791
0.08347221922
0.01423474446
0.04738120557
0.2748820429
0.3872257293
0.6619537394
0.7734318489
0.9463856062
0.9896626553
1
1
1
1
0.951197405
0.9205653546
0.6727562036
0.6124651461
0.2967577079
0.2365429858
0.0337622118
8.384294653e-05
0.01190760567
0.1724123842
0.2833189654
0.5068800382
0.6426402467
0.8126391754
0.9089313659
0.964647304
0.9968563508
0.9933828527
1
0.9667314542
0.9751703536
0.819469456
0.8048075962
0.5170834795
0.4737914804
0.1807029614
0.1385723093
0.003426107291
0
0
0.05492951269
0.1348344321
0.2810244292
0.4148699233
0.5482317713
0.6823486533
0.7340647431
0.8355304575
0.7965964722
0.8653471172
0.7376419562
0.7798776664
0.555189857
0.5667604611
0.2889547386
0.2750501067
0.05949419939
0.04447264058
0
0
0
0
0.01822508639
0.07447538031
0.1634009899
0.2350141353
0.3561261356
0.376364668
0.4935080394
0.4312710686
0.5243836765
0.3793811155
0.4402236471
0.2398411549
0.2669967952
0.07847116702
0.08160068578
9.49156339e-06
0
0
0
0
0
0
0
0.00998049122
0.02484135996
0.08012560214
0.07906131835
0.1513520192
0.1049993004
0.1692773494
0.08042316622
0.1220408256
0.02633298987
0.0423055883
0
0
0
0
0
0
0
0
0
0
0
0
0
0
0.0003172861003
0
0.001444609962
0
0
0
0
0
0
0
0
0
0
0
0
0
0
0
0
0
0
0
0
0
0
0
0
0
0
0
0
0
0
0
0
0
0
0
0
0
0
0
0
0
0
0
0
0
0
0
0
0
0
0
0
0
0
0
0
0
0
0
0
0
0
0
0
0
0
0
0
0
0
0
0
0
0
0
0
0
0
0
0
0
0
0
0
0
0
0
0
0
0
0
0
0
0
0
0
0
0
0
0
0
0
0
0
0
0
0
0
0
0
0
0
0
0
0
0
0
0
0
0
0
0
0
0
0
0
0
0
0
0
0
0
0
0
0
0
0
0
0
0
0
0
0
0
0
0
0
0
0
0
0
0
0
0
0
0
0
0
0
0
0
0
0
0
0
0
0
0
0
0
0
0
0
0
0
0
0
0
0
0
0
0
0
0
0
0
0
0
0
0
0
0
0
0
0
0
0
0
0
0
0
0
0
0
0
0
0
0
0
0
0
0
0
0
0
0
0
0
0
0
0
0
0
0
0
0
0
0
0
0
0
0
0
0
0
0
0
0
0
0
0
0
0
0
0
0
0
0
0
0
0
0
0
0
0
0
0
0
0
0
0
0
0
0
0
0
0
0
0
0
0
0
0
0
0
0
0
0
0
0
0
0
0
0
0
0
0
0
0
0
0
0
0
0
0
0
0
0
0
0
0
0
0
0
0
0
0
0
0
0
0
0
0
0
0
0
0
0
0
0
0
0
0
0
0
0
0
0
0
0
0
0
0
0
0
0
0
0
0
0
0
0
0
0
0
0
0
0
0
0
0
0
0
0
0
0
0
0
0
0
0
0
0
0
0
0
0
0
0
0
0
0
0
0
0
0
0
0
1
1
1
1
1
1
1
1
1
1
1
1
1
1
1
1
1
1
1
1
1
1
1
1
1
1
1
1
1
1
1
1
1
1
1
1
1
1
1
1
1
1
1
1
1
1
1
1
1
1
1
1
1
1
1
1
1
1
1
1
1
1
1
1
1
1
1
1
1
1
1
1
1
1
1
1
1
1
1
1
1
1
1
1
1
1
1
1
1
1
1
1
1
1
1
1
1
1
1
1
1
1
1
1
1
1
1
1
1
1
1
1
1
1
1
1
1
1
1
1
1
1
1
1
1
1
1
1
1
1
1
1
1
1
1
1
1
1
1
1
1
1
1
1
1
1
1
1
1
1
1
1
1
1
1
1
1
1
1
1
1
1
1
1
1
1
1
1
1
1
1
1
1
1
1
1
1
1
1
1
1
1
1
1
1
1
1
1
1
1
1
1
1
1
1
1
1
1
1
1
1
1
1
1
1
1
1
1
1
1
1
0
0
0
0
0.002827121855
0.02476836537
0.04600787893
0.05433537739
0.04734615528
0.02979960714
0.01101817573
0.000379061787
0
0
0
0
0
0
0
0
0
0
0
0
0
0
0
0
0
0
0
0
0
0
0
1
1
1
1
1
1
1
1
1
1
1
1
1
1
1
1
1
0
0
0
0
0.0007278945314
0.01463131664
0.02601619054
0.03167464406
0.03782017121
0.04514775783
0.05646587151
0.07111142451
0.06867315814
0.03078801445
0.0005274325114
0
0
0
0
0
0
0
0
0
0
0
0
0
0
0
0
0
0
0
0
1
1
1
1
1
1
1
1
1
1
1
1
1
1
1
1
1
1
1
1
1
1
1
1
1
1
1
1
1
1
1
1
1
1
1
1
1
1
1
1
1
1
1
1
1
1
1
1
1
1
1
1
1
1
1
1
1
1
1
1
1
1
1
1
1
1
1
1
1
1
1
1
1
1
1
1
1
1
1
1
1
1
1
1
1
1
1
1
1
1
1
1
1
1
1
1
1
1
1
1
1
1
1
1
1
1
1
1
1
1
1
1
1
1
1
1
1
1
1
1
1
1
1
1
1
1
1
1
1
1
1
1
1
1
1
1
1
1
1
1
1
1
1
1
1
1
1
1
1
1
1
1
1
1
1
1
1
1
1
1
1
1
1
1
1
1
1
1
1
1
1
1
1
1
1
1
1
1
1
1
1
1
1
1
1
1
1
1
1
1
1
1
1
1
1
1
1
1
1
1
1
1
1
1
1
1
1
1
1
1
1
1
1
1
1
1
1
1
1
1
1
1
1
1
1
1
1
1
1
1
1
1
1
1
1
1
1
1
1
1
1
1
1
1
1
1
1
1
1
1
1
1
1
1
1
1
1
1
1
1
1
1
1
1
1
1
1
1
1
1
1
1
1
1
1
1
1
1
1
1
1
1
1
1
1
1
1
1
1
1
1
1
1
1
1
1
1
1
1
1
1
1
1
1
1
1
1
1
1
1
1
1
1
1
1
1
1
1
1
1
1
1
1
1
1
1
1
1
1
1
1
1
1
1
1
1
1
1
1
1
1
1
1
1
1
1
1
1
1
1
1
1
1
1
1
1
1
1
1
1
1
1
1
1
1
1
1
1
1
1
1
1
1
1
1
1
1
1
1
1
1
1
1
1
1
1
1
1
1
1
1
1
1
1
1
1
1
1
1
1
1
1
1
1
1
1
1
1
1
1
1
1
1
1
1
1
1
1
1
1
1
1
1
1
1
1
1
1
1
1
1
1
1
1
1
1
1
1
1
1
1
1
1
1
1
1
1
1
1
1
1
1
1
1
1
1
1
1
1
1
1
1
1
1
1
1
1
1
1
1
1
1
1
1
1
1
1
1
1
1
1
1
1
1
1
1
1
1
1
1
1
1
1
1
1
1
1
1
1
1
1
1
1
1
1
1
1
1
1
1
1
1
1
1
1
1
1
1
1
1
1
1
1
1
1
1
1
1
1
1
1
1
1
1
1
1
1
1
1
1
1
1
1
1
1
1
1
1
1
1
1
1
1
1
1
1
1
1
1
1
1
1
1
1
1
1
1
1
1
1
1
1
1
1
1
1
1
1
1
1
1
1
1
1
1
1
1
1
1
1
1
1
1
1
1
1
1
1
1
1
1
1
1
1
1
1
1
1
1
1
1
1
1
1
1
1
1
1
1
1
1
1
1
1
1
1
1
1
1
1
1
1
1
1
1
1
1
1
1
1
1
1
1
1
1
1
1
1
1
1
1
1
1
1
1
1
1
1
1
1
1
1
1
1
1
1
1
1
1
1
1
1
1
1
1
1
1
1
1
1
1
1
1
1
1
1
1
1
1
1
1
1
1
1
1
1
1
1
1
1
1
1
1
1
1
1
1
1
1
1
1
1
1
1
1
1
1
1
1
1
1
1
1
1
1
1
1
1
1
1
1
1
1
1
1
1
1
1
1
1
1
1
1
1
1
1
1
1
1
1
1
1
1
1
1
1
1
1
1
1
1
1
1
1
1
1
1
1
1
1
1
1
1
1
1
1
1
1
1
1
1
1
1
1
1
1
1
1
1
1
1
1
1
1
1
1
1
1
1
1
1
1
1
1
1
1
1
1
1
1
1
1
1
1
1
1
1
1
1
1
1
1
1
1
1
1
1
1
1
1
1
1
1
1
1
1
1
1
1
1
1
1
1
1
1
1
1
1
1
1
1
1
1
1
1
1
1
1
1
1
1
1
1
1
1
1
1
1
1
1
1
1
1
1
1
1
1
1
1
1
1
1
1
1
1
1
1
1
1
1
1
1
1
1
1
1
1
1
1
1
1
1
1
1
1
1
1
1
1
1
1
1
1
1
1
1
1
1
1
1
1
1
1
1
1
1
1
1
1
1
1
1
1
1
1
1
1
1
1
1
1
1
1
1
1
1
1
1
1
1
1
1
1
1
1
1
1
1
1
1
1
1
1
1
1
1
1
1
1
1
1
1
1
1
1
1
1
1
1
1
1
1
1
1
1
1
1
1
1
1
1
1
1
1
1
1
1
1
1
1
1
1
1
1
1
1
1
1
1
1
1
1
1
1
1
1
1
1
1
1
1
1
1
1
1
1
1
1
1
1
1
1
1
1
1
1
1
1
1
1
1
1
1
1
1
1
1
1
1
1
1
1
1
1
1
1
1
1
1
1
1
1
1
1
1
1
1
1
1
1
1
1
1
1
1
1
1
1
1
1
1
1
1
1
1
1
1
1
1
1
1
1
1
1
1
1
1
1
1
1
1
1
1
1
1
1
1
1
1
1
1
1
1
1
1
1
1
1
1
1
1
1
1
1
1
1
)
;

boundaryField
{
    topAndBottom
    {
        type            calculated;
    }
    inlet
    {
        type            calculated;
    }
    outlet
    {
        type            calculated;
    }
    wing
    {
        type            calculated;
    }
    front
    {
        type            empty;
    }
    back
    {
        type            empty;
    }
}


// ************************************************************************* //
